investor_name,fund_name,stock_ticker,quarter,shares,pct_of_portfolio,activity,change_to_portfolio,reported_price,date
Guy Spier,Aquamarine Capital,BRK-B,2022   Q4,"140,600",23.37,,,$308.90,12/30/2022
Guy Spier,Aquamarine Capital,BRK-B,2022   Q3,"140,600",22.84,,,$267.02,9/30/2022
Guy Spier,Aquamarine Capital,BRK-B,2022   Q2,"140,600",22.55,,,$273.02,6/30/2022
Guy Spier,Aquamarine Capital,BRK-B,2022   Q1,"140,600",22.49,,,$352.91,3/30/2022
Guy Spier,Aquamarine Capital,BRK-B,2021   Q4,"140,600",19.32,,,$299.00,12/30/2021
Guy Spier,Aquamarine Capital,BRK-B,2021   Q3,"140,600",18.81,,,$272.94,9/30/2021
Guy Spier,Aquamarine Capital,BRK-B,2021   Q2,"140,600",18.33,,,$277.92,6/30/2021
Guy Spier,Aquamarine Capital,BRK-B,2021   Q1,"140,600",18.77,,,$255.47,3/30/2021
Guy Spier,Aquamarine Capital,BRK-B,2020   Q4,"140,600",19.02,,,$231.87,12/30/2020
Guy Spier,Aquamarine Capital,BRK-B,2020   Q3,"140,600",19.75,,,$212.94,9/30/2020
Guy Spier,Aquamarine Capital,BRK-B,2020   Q2,"140,600",18.28,,,$178.51,6/30/2020
Guy Spier,Aquamarine Capital,BRK-B,2020   Q1,"140,600",17.53,,,$182.83,3/30/2020
Guy Spier,Aquamarine Capital,BRK-B,2019   Q4,"140,600",14.66,,,$226.50,12/30/2019
Guy Spier,Aquamarine Capital,BRK-B,2019   Q3,"140,600",14.77,,,$208.02,9/30/2019
Guy Spier,Aquamarine Capital,BRK-B,2019   Q2,"140,600",15.51,,,$213.17,6/30/2019
Guy Spier,Aquamarine Capital,BRK-B,2019   Q1,"140,600",15.58,,,$200.89,3/30/2019
Guy Spier,Aquamarine Capital,BRK-B,2018   Q4,"140,600",16.16,,,$204.18,12/30/2018
Guy Spier,Aquamarine Capital,BRK-B,2018   Q3,"140,600",14.49,,,$214.11,9/30/2018
Guy Spier,Aquamarine Capital,BRK-B,2018   Q2,"140,600",12.35,,,$186.65,6/30/2018
Guy Spier,Aquamarine Capital,BRK-B,2018   Q1,"140,600",13.48,,,$199.48,3/30/2018
Guy Spier,Aquamarine Capital,BRK-B,2017   Q4,"140,600",13.35,,,$198.22,12/30/2017
Guy Spier,Aquamarine Capital,BRK-B,2017   Q3,"140,600",13.08,,,$183.32,9/30/2017
Guy Spier,Aquamarine Capital,BRK-B,2017   Q2,"140,600",14.54,,,$169.37,6/30/2017
Guy Spier,Aquamarine Capital,BRK-B,2017   Q1,"140,600",14.44,,,$166.68,3/30/2017
Guy Spier,Aquamarine Capital,BRK-B,2016   Q4,"140,600",15.36,,,$162.98,12/30/2016
Guy Spier,Aquamarine Capital,BRK-B,2016   Q3,"140,600",16.19,,,$144.47,9/30/2016
Guy Spier,Aquamarine Capital,BRK-B,2016   Q2,"140,600",18.37,,,$144.79,6/30/2016
Guy Spier,Aquamarine Capital,BRK-B,2016   Q1,"140,600",16.93,,,$141.88,3/30/2016
Guy Spier,Aquamarine Capital,BRK-B,2015   Q4,"140,600",14.83,,,$132.04,12/30/2015
Guy Spier,Aquamarine Capital,BRK-B,2015   Q3,"140,600",15.28,,,$130.40,9/30/2015
Guy Spier,Aquamarine Capital,BRK-B,2015   Q2,"140,600",13.33,,,$136.11,6/30/2015
Guy Spier,Aquamarine Capital,BRK-B,2015   Q1,"140,600",15.9,,,$144.32,3/30/2015
Guy Spier,Aquamarine Capital,BRK-B,2014   Q4,"140,600",15.21,,,$150.15,12/30/2014
Guy Spier,Aquamarine Capital,AXP,2022   Q4,"210,000",16.69,,,$147.75,12/30/2022
Guy Spier,Aquamarine Capital,AXP,2022   Q3,"210,000",17.24,,,$134.91,9/30/2022
Guy Spier,Aquamarine Capital,AXP,2022   Q2,"210,000",17.1,,,$138.62,6/30/2022
Guy Spier,Aquamarine Capital,AXP,2022   Q1,"210,000",17.8,,,$187.00,3/30/2022
Guy Spier,Aquamarine Capital,AXP,2021   Q4,"210,000",15.79,,,$163.60,12/30/2021
Guy Spier,Aquamarine Capital,AXP,2021   Q3,"210,000",17.25,,,$167.53,9/30/2021
Guy Spier,Aquamarine Capital,AXP,2021   Q2,"210,000",16.28,,,$165.23,6/30/2021
Guy Spier,Aquamarine Capital,AXP,2021   Q1,"210,000",15.52,,,$141.44,3/30/2021
Guy Spier,Aquamarine Capital,AXP,2020   Q4,"210,000",14.81,,,$120.91,12/30/2020
Guy Spier,Aquamarine Capital,AXP,2020   Q3,"210,000",13.89,,,$100.25,9/30/2020
Guy Spier,Aquamarine Capital,AXP,2020   Q2,"210,000",14.56,,,$95.20,6/30/2020
Guy Spier,Aquamarine Capital,AXP,2020   Q1,"210,000",12.26,Reduce 5.59%,0.73,$85.61,3/30/2020
Guy Spier,Aquamarine Capital,AXP,2019   Q4,"222,430",12.74,,,$124.49,12/30/2019
Guy Spier,Aquamarine Capital,AXP,2019   Q3,"222,430",13.29,,,$118.28,9/30/2019
Guy Spier,Aquamarine Capital,AXP,2019   Q2,"222,430",14.21,,,$123.44,6/30/2019
Guy Spier,Aquamarine Capital,AXP,2019   Q1,"222,430",13.41,,,$109.30,3/30/2019
Guy Spier,Aquamarine Capital,AXP,2018   Q4,"222,430",11.93,,,$95.32,12/30/2018
Guy Spier,Aquamarine Capital,AXP,2018   Q3,"222,430",11.4,Reduce 18.35%,2.56,$106.49,9/30/2018
Guy Spier,Aquamarine Capital,AXP,2018   Q2,"272,430",12.56,,,$98.00,6/30/2018
Guy Spier,Aquamarine Capital,AXP,2018   Q1,"272,430",12.21,,,$93.28,3/30/2018
Guy Spier,Aquamarine Capital,AXP,2017   Q4,"272,430",12.96,,,$99.31,12/30/2017
Guy Spier,Aquamarine Capital,AXP,2017   Q3,"272,430",12.51,,,$90.46,9/30/2017
Guy Spier,Aquamarine Capital,AXP,2017   Q2,"272,430",14.01,,,$84.24,6/30/2017
Guy Spier,Aquamarine Capital,AXP,2017   Q1,"272,430",13.28,,,$79.11,3/30/2017
Guy Spier,Aquamarine Capital,AXP,2016   Q4,"272,430",13.53,,,$74.08,12/30/2016
Guy Spier,Aquamarine Capital,AXP,2016   Q3,"272,430",13.9,,,$64.04,9/30/2016
Guy Spier,Aquamarine Capital,AXP,2016   Q2,"272,430",14.93,,,$60.76,6/30/2016
Guy Spier,Aquamarine Capital,AXP,2016   Q1,"272,430",14.2,,,$61.40,3/30/2016
Guy Spier,Aquamarine Capital,AXP,2015   Q4,"272,430",15.14,,,$69.55,12/30/2015
Guy Spier,Aquamarine Capital,AXP,2015   Q3,"272,430",16.83,,,$74.13,9/30/2015
Guy Spier,Aquamarine Capital,AXP,2015   Q2,"272,430",14.75,,,$77.72,6/30/2015
Guy Spier,Aquamarine Capital,AXP,2015   Q1,"272,430",16.67,,,$78.12,3/30/2015
Guy Spier,Aquamarine Capital,AXP,2014   Q4,"272,430",18.27,,,$93.04,12/30/2014
Guy Spier,Aquamarine Capital,BAC,2022   Q4,"767,845",13.68,,,$33.12,12/30/2022
Guy Spier,Aquamarine Capital,BAC,2022   Q3,"767,845",14.11,,,$30.20,9/30/2022
Guy Spier,Aquamarine Capital,BAC,2022   Q2,"767,845",14.04,,,$31.13,6/30/2022
Guy Spier,Aquamarine Capital,BAC,2022   Q1,"767,845",14.34,,,$41.22,3/30/2022
Guy Spier,Aquamarine Capital,BAC,2021   Q4,"767,845",15.7,,,$44.49,12/30/2021
Guy Spier,Aquamarine Capital,BAC,2021   Q3,"767,845",15.98,,,$42.45,9/30/2021
Guy Spier,Aquamarine Capital,BAC,2021   Q2,"767,845",14.85,,,$41.23,6/30/2021
Guy Spier,Aquamarine Capital,BAC,2021   Q1,"767,845",15.52,,,$38.69,3/30/2021
Guy Spier,Aquamarine Capital,BAC,2020   Q4,"767,845",13.58,,,$30.31,12/30/2020
Guy Spier,Aquamarine Capital,BAC,2020   Q3,"767,845",12.2,,,$24.09,9/30/2020
Guy Spier,Aquamarine Capital,BAC,2020   Q2,"767,845",13.28,,,$23.75,6/30/2020
Guy Spier,Aquamarine Capital,BAC,2020   Q1,"767,845",11.12,,,$21.23,3/30/2020
Guy Spier,Aquamarine Capital,BAC,2019   Q4,"767,845",12.45,,,$35.22,12/30/2019
Guy Spier,Aquamarine Capital,BAC,2019   Q3,"767,845",11.31,,,$29.17,9/30/2019
Guy Spier,Aquamarine Capital,BAC,2019   Q2,"767,845",11.53,,,$29.00,6/30/2019
Guy Spier,Aquamarine Capital,BAC,2019   Q1,"767,845",11.69,Add 30.14%,2.71,$27.59,3/30/2019
Guy Spier,Aquamarine Capital,BAC,2018   Q4,"590,000",8.18,,,$24.64,12/30/2018
Guy Spier,Aquamarine Capital,BAC,2018   Q3,"590,000",8.36,,,$29.46,9/30/2018
Guy Spier,Aquamarine Capital,BAC,2018   Q2,"590,000",7.83,,,$28.19,6/30/2018
Guy Spier,Aquamarine Capital,BAC,2018   Q1,"590,000",8.5,,,$29.99,3/30/2018
Guy Spier,Aquamarine Capital,BAC,2017   Q4,"590,000",8.34,,,$29.52,12/30/2017
Guy Spier,Aquamarine Capital,BAC,2017   Q3,"590,000",7.59,,,$25.34,9/30/2017
Guy Spier,Aquamarine Capital,BAC,2017   Q2,"590,000",8.74,,,$24.26,6/30/2017
Guy Spier,Aquamarine Capital,BAC,2017   Q1,"590,000",8.58,,,$23.59,3/30/2017
Guy Spier,Aquamarine Capital,BAC,2016   Q4,"590,000",8.74,,,$22.10,12/30/2016
Guy Spier,Aquamarine Capital,BAC,2016   Q3,"590,000",7.36,,,$15.65,9/30/2016
Guy Spier,Aquamarine Capital,BAC,2016   Q2,"590,000",7.06,,,$13.27,6/30/2016
Guy Spier,Aquamarine Capital,BAC,2016   Q1,"590,000",6.77,,,$13.52,3/30/2016
Guy Spier,Aquamarine Capital,BAC,2015   Q4,"590,000",7.93,,,$16.83,12/30/2015
Guy Spier,Aquamarine Capital,BAC,2015   Q3,"590,000",7.66,,,$15.58,9/30/2015
Guy Spier,Aquamarine Capital,BAC,2015   Q2,"590,000",7,,,$17.02,6/30/2015
Guy Spier,Aquamarine Capital,BAC,2015   Q1,"590,000",7.1,,,$15.36,3/30/2015
Guy Spier,Aquamarine Capital,BAC,2014   Q4,"590,000",7.61,,,$17.89,12/30/2014
Guy Spier,Aquamarine Capital,MA,2022   Q4,"65,750",12.3,,,$347.73,12/30/2022
Guy Spier,Aquamarine Capital,MA,2022   Q3,"65,750",11.37,,,$284.33,9/30/2022
Guy Spier,Aquamarine Capital,MA,2022   Q2,"65,750",12.19,,,$315.48,6/30/2022
Guy Spier,Aquamarine Capital,MA,2022   Q1,"65,750",10.65,,,$357.38,3/30/2022
Guy Spier,Aquamarine Capital,MA,2021   Q4,"65,750",10.86,,,$359.32,12/30/2021
Guy Spier,Aquamarine Capital,MA,2021   Q3,"65,750",11.21,,,$347.68,9/30/2021
Guy Spier,Aquamarine Capital,MA,2021   Q2,"65,750",11.26,,,$365.10,6/30/2021
Guy Spier,Aquamarine Capital,MA,2021   Q1,"65,750",12.23,,,$356.05,3/30/2021
Guy Spier,Aquamarine Capital,MA,2020   Q4,"65,750",13.69,,,$356.94,12/30/2020
Guy Spier,Aquamarine Capital,MA,2020   Q3,"65,750",14.67,,,$338.17,9/30/2020
Guy Spier,Aquamarine Capital,MA,2020   Q2,"65,750",14.16,,,$295.70,6/30/2020
Guy Spier,Aquamarine Capital,MA,2020   Q1,"65,750",10.83,,,$241.57,3/30/2020
Guy Spier,Aquamarine Capital,MA,2019   Q4,"65,750",9.04,,,$298.59,12/30/2019
Guy Spier,Aquamarine Capital,MA,2019   Q3,"65,750",9.02,,,$271.57,9/30/2019
Guy Spier,Aquamarine Capital,MA,2019   Q2,"65,750",9,,,$264.53,6/30/2019
Guy Spier,Aquamarine Capital,MA,2019   Q1,"65,750",8.54,,,$235.45,3/30/2019
Guy Spier,Aquamarine Capital,MA,2018   Q4,"65,750",6.98,,,$188.65,12/30/2018
Guy Spier,Aquamarine Capital,MA,2018   Q3,"65,750",7.04,,,$222.62,9/30/2018
Guy Spier,Aquamarine Capital,MA,2018   Q2,"65,750",6.08,,,$196.52,6/30/2018
Guy Spier,Aquamarine Capital,MA,2018   Q1,"65,750",5.53,,,$175.16,3/30/2018
Guy Spier,Aquamarine Capital,MA,2017   Q4,"65,750",4.77,,,$151.35,12/30/2017
Guy Spier,Aquamarine Capital,MA,2017   Q3,"65,750",4.71,,,$141.20,9/30/2017
Guy Spier,Aquamarine Capital,MA,2017   Q2,"65,750",4.87,,,$121.44,6/30/2017
Guy Spier,Aquamarine Capital,MA,2017   Q1,"65,750",4.56,,,$112.47,3/30/2017
Guy Spier,Aquamarine Capital,MA,2016   Q4,"65,750",4.55,,,$103.25,12/30/2016
Guy Spier,Aquamarine Capital,MA,2016   Q3,"65,750",5.33,,,$101.76,9/30/2016
Guy Spier,Aquamarine Capital,MA,2016   Q2,"65,750",5.22,,,$88.06,6/30/2016
Guy Spier,Aquamarine Capital,MA,2016   Q1,"65,750",5.27,,,$94.49,3/30/2016
Guy Spier,Aquamarine Capital,MA,2015   Q4,"65,750",5.11,,,$97.35,12/30/2015
Guy Spier,Aquamarine Capital,MA,2015   Q3,"65,750",4.94,,,$90.11,9/30/2015
Guy Spier,Aquamarine Capital,MA,2015   Q2,"65,750",4.28,,,$93.48,6/30/2015
Guy Spier,Aquamarine Capital,MA,2015   Q1,"65,750",4.45,,,$86.39,3/30/2015
Guy Spier,Aquamarine Capital,MA,2014   Q4,"65,750",4.08,,,$86.16,12/30/2014
Guy Spier,Aquamarine Capital,RACE,2022   Q4,"80,000",9.22,,,$214.31,12/30/2022
Guy Spier,Aquamarine Capital,RACE,2022   Q3,"80,000",9.15,,,$187.90,9/30/2022
Guy Spier,Aquamarine Capital,RACE,2022   Q2,"80,000",8.63,,,$183.68,6/30/2022
Guy Spier,Aquamarine Capital,RACE,2022   Q1,"80,000",7.97,,,$219.90,3/30/2022
Guy Spier,Aquamarine Capital,RACE,2021   Q4,"80,000",9.51,,,$258.66,12/30/2021
Guy Spier,Aquamarine Capital,RACE,2021   Q3,"80,000",8.22,,,$209.54,9/30/2021
Guy Spier,Aquamarine Capital,RACE,2021   Q2,"80,000",7.74,,,$206.33,6/30/2021
Guy Spier,Aquamarine Capital,RACE,2021   Q1,"80,000",8.74,,,$209.20,3/30/2021
Guy Spier,Aquamarine Capital,RACE,2020   Q4,"80,000",10.76,,,$230.48,12/30/2020
Guy Spier,Aquamarine Capital,RACE,2020   Q3,"80,000",9.69,,,$183.61,9/30/2020
Guy Spier,Aquamarine Capital,RACE,2020   Q2,"80,000",9.94,Reduce 60.00%,14.91,$170.59,6/30/2020
Guy Spier,Aquamarine Capital,RACE,2020   Q1,"200,000",21.3,,,$156.15,3/30/2020
Guy Spier,Aquamarine Capital,RACE,2019   Q4,"200,000",15.27,,,$165.86,12/30/2019
Guy Spier,Aquamarine Capital,RACE,2019   Q3,"200,000",15.59,,,$154.28,9/30/2019
Guy Spier,Aquamarine Capital,RACE,2019   Q2,"200,000",16.8,,,$162.34,6/30/2019
Guy Spier,Aquamarine Capital,RACE,2019   Q1,"200,000",14.79,,,$134.05,3/30/2019
Guy Spier,Aquamarine Capital,RACE,2018   Q4,"200,000",11.2,,,$99.53,12/30/2018
Guy Spier,Aquamarine Capital,RACE,2018   Q3,"200,000",13.25,,,$137.63,9/30/2018
Guy Spier,Aquamarine Capital,RACE,2018   Q2,"200,000",12.81,,,$136.11,6/30/2018
Guy Spier,Aquamarine Capital,RACE,2018   Q1,"200,000",11.55,,,$120.21,3/30/2018
Guy Spier,Aquamarine Capital,RACE,2017   Q4,"200,000",10.06,,,$104.99,12/30/2017
Guy Spier,Aquamarine Capital,RACE,2017   Q3,"200,000",11.21,,,$110.46,9/30/2017
Guy Spier,Aquamarine Capital,RACE,2017   Q2,"200,000",10.48,,,$85.87,6/30/2017
Guy Spier,Aquamarine Capital,RACE,2017   Q1,"200,000",9.16,,,$74.31,3/30/2017
Guy Spier,Aquamarine Capital,RACE,2016   Q4,"200,000",7.8,,,$58.18,12/30/2016
Guy Spier,Aquamarine Capital,RACE,2016   Q3,"200,000",8.28,,,$51.97,9/30/2016
Guy Spier,Aquamarine Capital,RACE,2016   Q2,"200,000",7.34,,,$40.70,6/30/2016
Guy Spier,Aquamarine Capital,RACE,2016   Q1,"200,000",7.05,Buy,7.05,$41.54,3/30/2016
Guy Spier,Aquamarine Capital,BRK-A,2022   Q4,30,7.56,,,"$468,700.00",12/30/2022
Guy Spier,Aquamarine Capital,BRK-A,2022   Q3,30,7.42,,,"$406,466.67",9/30/2022
Guy Spier,Aquamarine Capital,BRK-A,2022   Q2,30,7.21,,,"$408,966.67",6/30/2022
Guy Spier,Aquamarine Capital,BRK-A,2022   Q1,30,7.19,,,"$528,933.33",3/30/2022
Guy Spier,Aquamarine Capital,BRK-A,2021   Q4,30,6.21,,,"$450,666.67",12/30/2021
Guy Spier,Aquamarine Capital,BRK-A,2021   Q3,30,6.05,,,"$411,366.67",9/30/2021
Guy Spier,Aquamarine Capital,BRK-A,2021   Q2,30,5.89,,,"$418,600.00",6/30/2021
Guy Spier,Aquamarine Capital,BRK-A,2021   Q1,30,6.05,,,"$385,700.00",3/30/2021
Guy Spier,Aquamarine Capital,BRK-A,2020   Q4,30,6.09,,,"$347,800.00",12/30/2020
Guy Spier,Aquamarine Capital,BRK-A,2020   Q3,30,6.33,,,"$320,000.00",9/30/2020
Guy Spier,Aquamarine Capital,BRK-A,2020   Q2,30,5.84,,,"$267,300.00",6/30/2020
Guy Spier,Aquamarine Capital,BRK-A,2020   Q1,30,5.56,,,"$272,000.00",3/30/2020
Guy Spier,Aquamarine Capital,BRK-A,2019   Q4,30,4.69,,,"$339,600.00",12/30/2019
Guy Spier,Aquamarine Capital,BRK-A,2019   Q3,30,4.73,,,"$311,833.33",9/30/2019
Guy Spier,Aquamarine Capital,BRK-A,2019   Q2,30,4.94,,,"$318,366.67",6/30/2019
Guy Spier,Aquamarine Capital,BRK-A,2019   Q1,30,4.99,,,"$301,200.00",3/30/2019
Guy Spier,Aquamarine Capital,BRK-A,2018   Q4,30,5.17,,,"$306,000.00",12/30/2018
Guy Spier,Aquamarine Capital,BRK-A,2018   Q3,30,4.62,,,"$320,000.00",9/30/2018
Guy Spier,Aquamarine Capital,BRK-A,2018   Q2,30,3.98,,,"$282,033.33",6/30/2018
Guy Spier,Aquamarine Capital,BRK-A,2018   Q1,30,4.31,,,"$299,100.00",3/30/2018
Guy Spier,Aquamarine Capital,BRK-A,2017   Q4,30,4.28,,,"$297,600.00",12/30/2017
Guy Spier,Aquamarine Capital,BRK-A,2017   Q3,30,4.18,,,"$274,733.33",9/30/2017
Guy Spier,Aquamarine Capital,BRK-A,2017   Q2,30,4.66,,,"$254,700.00",6/30/2017
Guy Spier,Aquamarine Capital,BRK-A,2017   Q1,30,4.62,,,"$249,866.67",3/30/2017
Guy Spier,Aquamarine Capital,BRK-A,2016   Q4,30,4.91,,,"$244,133.33",12/30/2016
Guy Spier,Aquamarine Capital,BRK-A,2016   Q3,30,5.17,,,"$216,233.33",9/30/2016
Guy Spier,Aquamarine Capital,BRK-A,2016   Q2,30,5.87,,,"$216,966.67",6/30/2016
Guy Spier,Aquamarine Capital,BRK-A,2016   Q1,30,5.44,,,"$213,466.67",3/30/2016
Guy Spier,Aquamarine Capital,BRK-A,2015   Q4,30,4.74,,,"$197,800.00",12/30/2015
Guy Spier,Aquamarine Capital,BRK-A,2015   Q3,30,4.88,,,"$195,233.33",9/30/2015
Guy Spier,Aquamarine Capital,BRK-A,2015   Q2,30,4.28,,,"$204,866.67",6/30/2015
Guy Spier,Aquamarine Capital,BRK-A,2015   Q1,30,5.11,,,"$217,500.00",3/30/2015
Guy Spier,Aquamarine Capital,BRK-A,2014   Q4,30,4.89,,,"$226,000.00",12/30/2014
Guy Spier,Aquamarine Capital,MU,2022   Q4,"200,000",5.38,,,$49.98,12/30/2022
Guy Spier,Aquamarine Capital,MU,2022   Q3,"200,000",6.1,,,$50.10,9/30/2022
Guy Spier,Aquamarine Capital,MU,2022   Q2,"200,000",6.49,,,$55.28,6/30/2022
Guy Spier,Aquamarine Capital,MU,2022   Q1,"200,000",7.06,,,$77.89,3/30/2022
Guy Spier,Aquamarine Capital,MU,2021   Q4,"200,000",8.56,,,$93.15,12/30/2021
Guy Spier,Aquamarine Capital,MU,2021   Q3,"200,000",6.96,,,$70.98,9/30/2021
Guy Spier,Aquamarine Capital,MU,2021   Q2,"200,000",7.97,,,$84.98,6/30/2021
Guy Spier,Aquamarine Capital,MU,2021   Q1,"200,000",9.22,,,$88.21,3/30/2021
Guy Spier,Aquamarine Capital,MU,2020   Q4,"200,000",8.77,Add 66.67%,3.51,$75.18,12/30/2020
Guy Spier,Aquamarine Capital,MU,2020   Q3,"120,000",3.72,,,$46.96,9/30/2020
Guy Spier,Aquamarine Capital,MU,2020   Q2,"120,000",4.5,,,$51.52,6/30/2020
Guy Spier,Aquamarine Capital,MU,2020   Q1,"120,000",3.44,,,$42.06,3/30/2020
Guy Spier,Aquamarine Capital,MU,2019   Q4,"120,000",2.97,,,$53.78,12/30/2019
Guy Spier,Aquamarine Capital,MU,2019   Q3,"120,000",2.6,Buy,2.6,$42.85,9/30/2019
Guy Spier,Aquamarine Capital,MCO,2022   Q4,"27,000",4.05,,,$278.63,12/30/2022
Guy Spier,Aquamarine Capital,MCO,2022   Q3,"27,000",3.99,,,$243.11,9/30/2022
Guy Spier,Aquamarine Capital,MCO,2022   Q2,"27,000",4.31,,,$271.96,6/30/2022
Guy Spier,Aquamarine Capital,MCO,2022   Q1,"27,000",4.13,,,$337.41,3/30/2022
Guy Spier,Aquamarine Capital,MCO,2021   Q4,"27,000",4.85,,,$390.59,12/30/2021
Guy Spier,Aquamarine Capital,MCO,2021   Q3,"27,000",4.7,,,$355.11,9/30/2021
Guy Spier,Aquamarine Capital,MCO,2021   Q2,"27,000",4.59,,,$362.37,6/30/2021
Guy Spier,Aquamarine Capital,MCO,2021   Q1,"27,000",4.21,,,$298.63,3/30/2021
Guy Spier,Aquamarine Capital,MCO,2020   Q4,"27,000",4.57,,,$290.22,12/30/2020
Guy Spier,Aquamarine Capital,MCO,2020   Q3,"27,000",5.16,,,$289.85,9/30/2020
Guy Spier,Aquamarine Capital,MCO,2020   Q2,"27,000",5.4,Add 8.00%,0.4,$274.74,6/30/2020
Guy Spier,Aquamarine Capital,MCO,2020   Q1,"25,000",3.61,,,$211.52,3/30/2020
Guy Spier,Aquamarine Capital,MCO,2019   Q4,"25,000",2.73,,,$237.40,12/30/2019
Guy Spier,Aquamarine Capital,MCO,2019   Q3,"25,000",2.59,,,$204.84,9/30/2019
Guy Spier,Aquamarine Capital,MCO,2019   Q2,"25,000",2.53,,,$195.32,6/30/2019
Guy Spier,Aquamarine Capital,MCO,2019   Q1,"25,000",2.5,,,$181.08,3/30/2019
Guy Spier,Aquamarine Capital,MCO,2018   Q4,"25,000",1.97,,,$140.04,12/30/2018
Guy Spier,Aquamarine Capital,MCO,2018   Q3,"25,000",2.01,,,$167.20,9/30/2018
Guy Spier,Aquamarine Capital,MCO,2018   Q2,"25,000",2.01,,,$170.56,6/30/2018
Guy Spier,Aquamarine Capital,MCO,2018   Q1,"25,000",1.94,,,$161.32,3/30/2018
Guy Spier,Aquamarine Capital,MCO,2017   Q4,"25,000",1.77,,,$147.60,12/30/2017
Guy Spier,Aquamarine Capital,MCO,2017   Q3,"25,000",1.77,,,$139.20,9/30/2017
Guy Spier,Aquamarine Capital,MCO,2017   Q2,"25,000",1.86,,,$121.68,6/30/2017
Guy Spier,Aquamarine Capital,MCO,2017   Q1,"25,000",1.73,,,$112.04,3/30/2017
Guy Spier,Aquamarine Capital,MCO,2016   Q4,"25,000",1.58,,,$94.28,12/30/2016
Guy Spier,Aquamarine Capital,MCO,2016   Q3,"25,000",2.16,,,$108.28,9/30/2016
Guy Spier,Aquamarine Capital,MCO,2016   Q2,"25,000",2.11,,,$93.72,6/30/2016
Guy Spier,Aquamarine Capital,MCO,2016   Q1,"25,000",2.05,Buy,2.05,$96.56,3/30/2016
Guy Spier,Aquamarine Capital,SRG,2022   Q4,"500,000",3.18,,,$11.83,12/30/2022
Guy Spier,Aquamarine Capital,SRG,2022   Q3,"500,000",2.74,,,$9.02,9/30/2022
Guy Spier,Aquamarine Capital,SRG,2022   Q2,"500,000",1.53,,,$5.21,6/30/2022
Guy Spier,Aquamarine Capital,SRG,2022   Q1,"500,000",2.87,,,$12.66,3/30/2022
Guy Spier,Aquamarine Capital,SRG,2021   Q4,"500,000",3.05,,,$13.27,12/30/2021
Guy Spier,Aquamarine Capital,SRG,2021   Q3,"500,000",3.64,,,$14.83,9/30/2021
Guy Spier,Aquamarine Capital,SRG,2021   Q2,"500,000",4.32,,,$18.40,6/30/2021
Guy Spier,Aquamarine Capital,SRG,2021   Q1,"500,000",4.79,,,$18.35,3/30/2021
Guy Spier,Aquamarine Capital,SRG,2020   Q4,"500,000",4.28,,,$14.68,12/30/2020
Guy Spier,Aquamarine Capital,SRG,2020   Q3,"500,000",4.44,,,$13.45,9/30/2020
Guy Spier,Aquamarine Capital,SRG,2020   Q2,"500,000",4.15,Add 25.00%,0.83,$11.40,6/30/2020
Guy Spier,Aquamarine Capital,SRG,2020   Q1,"400,000",2.48,,,$9.11,3/30/2020
Guy Spier,Aquamarine Capital,SRG,2019   Q4,"400,000",7.38,,,$40.08,12/30/2019
Guy Spier,Aquamarine Capital,SRG,2019   Q3,"400,000",8.59,Add 33.33%,2.15,$42.49,9/30/2019
Guy Spier,Aquamarine Capital,SRG,2019   Q2,"300,000",6.67,,,$42.96,6/30/2019
Guy Spier,Aquamarine Capital,SRG,2019   Q1,"300,000",7.36,Add 13.69%,0.89,$44.44,3/30/2019
Guy Spier,Aquamarine Capital,SRG,2018   Q4,"263,869",4.8,Add 23.38%,0.91,$32.33,12/30/2018
Guy Spier,Aquamarine Capital,SRG,2018   Q3,"213,869",4.89,Add 221.09%,3.37,$47.49,9/30/2018
Guy Spier,Aquamarine Capital,SRG,2018   Q2,"66,607",1.33,Add 51.83%,0.45,$42.43,6/30/2018
Guy Spier,Aquamarine Capital,SRG,2018   Q1,"43,869",0.75,,,$35.56,3/30/2018
Guy Spier,Aquamarine Capital,SRG,2017   Q4,"43,869",0.85,,,$40.46,12/30/2017
Guy Spier,Aquamarine Capital,SRG,2017   Q3,"43,869",1.03,,,$46.07,9/30/2017
Guy Spier,Aquamarine Capital,SRG,2017   Q2,"43,869",1.12,Reduce 75.63%,3.48,$41.94,6/30/2017
Guy Spier,Aquamarine Capital,SRG,2017   Q1,"180,000",4.79,,,$43.15,3/30/2017
Guy Spier,Aquamarine Capital,SRG,2016   Q4,"180,000",5.15,,,$42.71,12/30/2016
Guy Spier,Aquamarine Capital,SRG,2016   Q3,"180,000",7.27,Add 80.00%,3.23,$50.68,9/30/2016
Guy Spier,Aquamarine Capital,SRG,2016   Q2,"100,000",4.5,Add 33.33%,1.13,$49.84,6/30/2016
Guy Spier,Aquamarine Capital,SRG,2016   Q1,"75,000",3.18,Buy,3.18,$49.97,3/30/2016
Guy Spier,Aquamarine Capital,BABA,2022   Q4,"47,500",2.25,,,$88.08,12/30/2022
Guy Spier,Aquamarine Capital,BABA,2022   Q3,"47,500",2.31,,,$80.00,9/30/2022
Guy Spier,Aquamarine Capital,BABA,2022   Q2,"47,500",3.17,,,$113.68,6/30/2022
Guy Spier,Aquamarine Capital,BABA,2022   Q1,"47,500",2.34,,,$108.80,3/30/2022
Guy Spier,Aquamarine Capital,BABA,2021   Q4,"47,500",2.59,,,$118.80,12/30/2021
Guy Spier,Aquamarine Capital,BABA,2021   Q3,"47,500",3.45,,,$148.04,9/30/2021
Guy Spier,Aquamarine Capital,BABA,2021   Q2,"47,500",5.05,Buy,5.05,$226.78,6/30/2021
Guy Spier,Aquamarine Capital,DJCO,2022   Q4,"11,500",1.55,,,$250.52,12/30/2022
Guy Spier,Aquamarine Capital,DJCO,2022   Q3,"11,500",1.79,,,$256.35,9/30/2022
Guy Spier,Aquamarine Capital,DJCO,2022   Q2,"11,500",1.75,,,$258.78,6/30/2022
Guy Spier,Aquamarine Capital,DJCO,2022   Q1,"11,500",1.63,,,$312.00,3/30/2022
Guy Spier,Aquamarine Capital,DJCO,2021   Q4,"11,500",1.89,,,$356.70,12/30/2021
Guy Spier,Aquamarine Capital,DJCO,2021   Q3,"11,500",1.81,,,$320.35,9/30/2021
Guy Spier,Aquamarine Capital,DJCO,2021   Q2,"11,500",1.83,Buy,1.83,$338.52,6/30/2021
Guy Spier,Aquamarine Capital,GOOG,2022   Q4,"16,000",0.76,,,$88.25,12/30/2022
Guy Spier,Aquamarine Capital,GOOG,2022   Q3,"16,000",0.93,,,$95.63,9/30/2022
Guy Spier,Aquamarine Capital,GOOG,2022   Q2,"16,000",1.02,,,$108.94,6/30/2022
Guy Spier,Aquamarine Capital,GOOG,2022   Q1,"16,000",1.01,,,$139.06,3/30/2022
Guy Spier,Aquamarine Capital,GOOG,2021   Q4,"16,000",1.07,,,$144.88,12/30/2021
Guy Spier,Aquamarine Capital,GOOG,2021   Q3,"16,000",1.05,,,$133.69,9/30/2021
Guy Spier,Aquamarine Capital,GOOG,2021   Q2,"16,000",0.92,,,$122.06,6/30/2021
Guy Spier,Aquamarine Capital,GOOG,2021   Q1,"16,000",0.86,,,$103.13,3/30/2021
Guy Spier,Aquamarine Capital,GOOG,2020   Q4,"16,000",0.82,,,$87.63,12/30/2020
Guy Spier,Aquamarine Capital,GOOG,2020   Q3,"16,000",0.77,,,$73.25,9/30/2020
Guy Spier,Aquamarine Capital,GOOG,2020   Q2,"16,000",0.83,Buy,0.83,$70.88,6/30/2020
Bruce Berkowitz,Fairholme Capital,JOE,2022   Q3,"24,469,790",76.18,,,$32.03,9/30/2022
Bruce Berkowitz,Fairholme Capital,JOE,2022   Q2,"24,469,790",80.07,Reduce 0.60%,0.48,$39.56,6/30/2022
Bruce Berkowitz,Fairholme Capital,JOE,2022   Q1,"24,616,590",84.64,Reduce 1.88%,1.62,$59.24,3/30/2022
Bruce Berkowitz,Fairholme Capital,JOE,2021   Q4,"25,087,490",85.4,Reduce 0.62%,0.53,$52.05,12/30/2021
Bruce Berkowitz,Fairholme Capital,JOE,2021   Q3,"25,243,090",85.54,Reduce 1.95%,1.7,$42.10,9/30/2021
Bruce Berkowitz,Fairholme Capital,JOE,2021   Q2,"25,745,557",90.64,,,$44.61,6/30/2021
Bruce Berkowitz,Fairholme Capital,JOE,2021   Q1,"25,745,557",91.16,Reduce 2.59%,2.42,$42.90,3/30/2021
Bruce Berkowitz,Fairholme Capital,JOE,2020   Q4,"26,430,357",90.79,Reduce 0.05%,0.05,$42.45,12/30/2020
Bruce Berkowitz,Fairholme Capital,JOE,2020   Q3,"26,444,357",83.59,Reduce 0.18%,0.15,$20.63,9/30/2020
Bruce Berkowitz,Fairholme Capital,JOE,2020   Q2,"26,491,533",86.09,Reduce 0.09%,0.07,$19.42,6/30/2020
Bruce Berkowitz,Fairholme Capital,JOE,2020   Q1,"26,514,269",87.23,Add 0.75%,0.65,$16.78,3/30/2020
Bruce Berkowitz,Fairholme Capital,JOE,2019   Q4,"26,317,917",98.93,Reduce 0.08%,0.08,$19.83,12/30/2019
Bruce Berkowitz,Fairholme Capital,JOE,2019   Q3,"26,340,233",94.99,Reduce 0.63%,0.6,$17.13,9/30/2019
Bruce Berkowitz,Fairholme Capital,JOE,2019   Q2,"26,507,388",98.01,Reduce 0.09%,0.09,$17.28,6/30/2019
Bruce Berkowitz,Fairholme Capital,JOE,2019   Q1,"26,532,198",92.44,Reduce 0.06%,0.05,$16.49,3/30/2019
Bruce Berkowitz,Fairholme Capital,JOE,2018   Q4,"26,547,898",95.34,Reduce 3.09%,3.04,$13.17,12/30/2018
Bruce Berkowitz,Fairholme Capital,JOE,2018   Q3,"27,394,450",76.79,Reduce 0.18%,0.14,$16.80,9/30/2018
Bruce Berkowitz,Fairholme Capital,JOE,2018   Q2,"27,444,119",66.19,Reduce 0.14%,0.09,$17.95,6/30/2018
Bruce Berkowitz,Fairholme Capital,JOE,2018   Q1,"27,481,780",73.94,Reduce 1.49%,1.12,$18.85,3/30/2018
Bruce Berkowitz,Fairholme Capital,JOE,2017   Q4,"27,897,499",69.36,Add 3.31%,2.23,$18.05,12/30/2017
Bruce Berkowitz,Fairholme Capital,JOE,2017   Q3,"27,002,485",56.14,Add 5.96%,3.16,$18.85,9/30/2017
Bruce Berkowitz,Fairholme Capital,JOE,2017   Q2,"25,484,557",48.67,Add 4.44%,2.07,$18.75,6/30/2017
Bruce Berkowitz,Fairholme Capital,JOE,2017   Q1,"24,401,157",40.26,Reduce 0.12%,0.05,$17.05,3/30/2017
Bruce Berkowitz,Fairholme Capital,JOE,2016   Q4,"24,429,257",47.24,Reduce 0.07%,0.03,$19.00,12/30/2016
Bruce Berkowitz,Fairholme Capital,JOE,2016   Q3,"24,445,297",35.99,Reduce 0.02%,0.01,$18.38,9/30/2016
Bruce Berkowitz,Fairholme Capital,JOE,2016   Q2,"24,450,397",29.85,Add 1.95%,0.57,$17.72,6/30/2016
Bruce Berkowitz,Fairholme Capital,JOE,2016   Q1,"23,983,197",24.85,Reduce 2.18%,0.55,$17.15,3/30/2016
Bruce Berkowitz,Fairholme Capital,JOE,2015   Q4,"24,517,040",18.64,Add 0.26%,0.05,$18.51,12/30/2015
Bruce Berkowitz,Fairholme Capital,JOE,2015   Q3,"24,454,440",13.48,Add 5.70%,0.73,$19.13,9/30/2015
Bruce Berkowitz,Fairholme Capital,JOE,2015   Q2,"23,136,502",10.3,,,$15.93,6/30/2015
Bruce Berkowitz,Fairholme Capital,JOE,2015   Q1,"23,136,502",9.74,,,$16.99,3/30/2015
Bruce Berkowitz,Fairholme Capital,JOE,2014   Q4,"23,136,502",7.99,,,$18.59,12/30/2014
Bruce Berkowitz,Fairholme Capital,JOE,2014   Q3,"23,136,502",8.04,,,$21.66,9/30/2014
Bruce Berkowitz,Fairholme Capital,JOE,2014   Q2,"23,136,502",8.32,,,$23.54,6/30/2014
Bruce Berkowitz,Fairholme Capital,JOE,2014   Q1,"23,136,502",6.72,,,$19.33,3/30/2014
Bruce Berkowitz,Fairholme Capital,JOE,2013   Q4,"23,136,502",6.06,,,$17.74,12/30/2013
Bruce Berkowitz,Fairholme Capital,JOE,2013   Q3,"23,136,502",7.19,,,$19.31,9/30/2013
Bruce Berkowitz,Fairholme Capital,JOE,2013   Q2,"23,136,502",7.37,,,$20.42,6/30/2013
Bruce Berkowitz,Fairholme Capital,JOE,2013   Q1,"23,136,502",8.79,,,$21.63,3/30/2013
Bruce Berkowitz,Fairholme Capital,JOE,2012   Q4,"23,136,502",9.06,,,$20.74,12/30/2012
Bruce Berkowitz,Fairholme Capital,JOE,2012   Q3,"23,136,502",7.89,,,$18.59,9/30/2012
Bruce Berkowitz,Fairholme Capital,JOE,2012   Q2,"23,136,502",6.44,,,$15.49,6/30/2012
Bruce Berkowitz,Fairholme Capital,JOE,2012   Q1,"23,136,502",5.05,,,$15.63,3/30/2012
Bruce Berkowitz,Fairholme Capital,JOE,2011   Q4,"23,136,502",4.75,,,$13.95,12/30/2011
Bruce Berkowitz,Fairholme Capital,JOE,2011   Q3,"23,136,502",4.21,,,$17.89,9/30/2011
Bruce Berkowitz,Fairholme Capital,JOE,2011   Q2,"23,136,502",3.37,,,$21.08,6/30/2011
Bruce Berkowitz,Fairholme Capital,JOE,2011   Q1,"23,136,502",4.39,,,$25.98,3/30/2011
Bruce Berkowitz,Fairholme Capital,JOE,2010   Q4,"23,136,502",3.29,Add 0.43%,0.01,$17.60,12/30/2010
Bruce Berkowitz,Fairholme Capital,JOE,2010   Q3,"23,036,502",6.07,,,$24.08,9/30/2010
Bruce Berkowitz,Fairholme Capital,JOE,2010   Q2,"23,036,502",6.43,,,$27.65,6/30/2010
Bruce Berkowitz,Fairholme Capital,JOE,2010   Q1,"23,036,502",7.6,,,$27.50,3/30/2010
Bruce Berkowitz,Fairholme Capital,JOE,2009   Q4,"23,036,502",7.41,Add 3.48%,0.25,$24.90,12/30/2009
Bruce Berkowitz,Fairholme Capital,JOE,2009   Q3,"22,262,302",10.09,Add 4.22%,0.41,$32.80,9/30/2009
Bruce Berkowitz,Fairholme Capital,JOE,2009   Q2,"21,360,902",9.13,Add 54.61%,3.22,$25.54,6/30/2009
Bruce Berkowitz,Fairholme Capital,JOE,2009   Q1,"13,815,900",5.52,Add 43.10%,1.66,$18.39,3/30/2009
Bruce Berkowitz,Fairholme Capital,JOE,2008   Q4,"9,654,700",4.84,Add 4.75%,0.22,$26.41,12/30/2008
Bruce Berkowitz,Fairholme Capital,JOE,2008   Q3,"9,216,900",4.62,Add 24.62%,0.91,$37.27,9/30/2008
Bruce Berkowitz,Fairholme Capital,JOE,2008   Q2,"7,396,000",3.79,Reduce 9.52%,0.4,$38.38,6/30/2008
Bruce Berkowitz,Fairholme Capital,JOE,2008   Q1,"8,174,300",5.33,Buy,5.33,$38.45,3/30/2008
Bruce Berkowitz,Fairholme Capital,EPD,2022   Q3,"3,882,800",8.97,Add 8.07%,0.67,$23.78,9/30/2022
Bruce Berkowitz,Fairholme Capital,EPD,2022   Q2,"3,592,800",7.24,Add 11.41%,0.74,$24.37,6/30/2022
Bruce Berkowitz,Fairholme Capital,EPD,2022   Q1,"3,224,800",4.83,Add 52.41%,1.66,$25.81,3/30/2022
Bruce Berkowitz,Fairholme Capital,EPD,2021   Q4,"2,115,900",3.04,Add 32.79%,0.75,$21.96,12/30/2021
Bruce Berkowitz,Fairholme Capital,EPD,2021   Q3,"1,593,400",2.78,Add 2024.53%,2.65,$21.64,9/30/2021
Bruce Berkowitz,Fairholme Capital,EPD,2021   Q2,"75,000",0.14,Buy,0.14,$24.13,6/30/2021
Bruce Berkowitz,Fairholme Capital,EPD,2021   Q1,0,0,Sell 100.00%,0.15,,3/30/2021
Bruce Berkowitz,Fairholme Capital,EPD,2020   Q4,"95,000",0.15,Buy,0.15,$19.59,12/30/2020
Bruce Berkowitz,Fairholme Capital,CMC,2022   Q3,"2,377,800",8.2,Add 3.79%,0.3,$35.48,9/30/2022
Bruce Berkowitz,Fairholme Capital,CMC,2022   Q2,"2,291,000",6.27,Add 10.44%,0.59,$33.10,6/30/2022
Bruce Berkowitz,Fairholme Capital,CMC,2022   Q1,"2,074,400",5.01,Add 17.10%,0.73,$41.62,3/30/2022
Bruce Berkowitz,Fairholme Capital,CMC,2021   Q4,"1,771,500",4.2,Add 56.74%,1.52,$36.29,12/30/2021
Bruce Berkowitz,Fairholme Capital,CMC,2021   Q3,"1,130,200",2.77,Add 102.51%,1.4,$30.46,9/30/2021
Bruce Berkowitz,Fairholme Capital,CMC,2021   Q2,"558,100",1.35,Buy,1.35,$30.72,6/30/2021
Bruce Berkowitz,Fairholme Capital,BRK-B,2022   Q3,"97,525",2.53,Add 97.72%,1.25,$267.02,9/30/2022
Bruce Berkowitz,Fairholme Capital,BRK-B,2022   Q2,"49,325",1.11,Add 0.35%,0,$273.03,6/30/2022
Bruce Berkowitz,Fairholme Capital,BRK-B,2022   Q1,"49,155",1.01,,,$352.90,3/30/2022
Bruce Berkowitz,Fairholme Capital,BRK-B,2021   Q4,"49,155",0.96,Reduce 1.61%,0.02,$298.99,12/30/2021
Bruce Berkowitz,Fairholme Capital,BRK-B,2021   Q3,"49,960",1.1,,,$272.94,9/30/2021
Bruce Berkowitz,Fairholme Capital,BRK-B,2021   Q2,"49,960",1.1,,,$277.92,6/30/2021
Bruce Berkowitz,Fairholme Capital,BRK-B,2021   Q1,"49,960",1.05,Reduce 15.96%,0.2,$255.46,3/30/2021
Bruce Berkowitz,Fairholme Capital,BRK-B,2020   Q4,"59,450",1.12,Reduce 81.22%,4.84,$231.88,12/30/2020
Bruce Berkowitz,Fairholme Capital,BRK-B,2020   Q3,"316,595",10.33,Reduce 2.38%,0.25,$212.94,9/30/2020
Bruce Berkowitz,Fairholme Capital,BRK-B,2020   Q2,"324,310",9.69,Add 33.01%,2.4,$178.51,6/30/2020
Bruce Berkowitz,Fairholme Capital,BRK-B,2020   Q1,"243,820",8.74,Add 1396.29%,8.16,$182.83,3/30/2020
Bruce Berkowitz,Fairholme Capital,BRK-B,2019   Q4,"16,295",0.7,Reduce 1.18%,0.01,$226.51,12/30/2019
Bruce Berkowitz,Fairholme Capital,BRK-B,2019   Q3,"16,490",0.72,Reduce 10.11%,0.08,$208.00,9/30/2019
Bruce Berkowitz,Fairholme Capital,BRK-B,2019   Q2,"18,345",0.84,Reduce 86.08%,5.2,$213.19,6/30/2019
Bruce Berkowitz,Fairholme Capital,BRK-B,2019   Q1,"131,825",5.6,Buy,5.6,$200.89,3/30/2019
Bruce Berkowitz,Fairholme Capital,BRK-B,2018   Q4,0,0,Sell 100.00%,0.34,,12/30/2018
Bruce Berkowitz,Fairholme Capital,BRK-B,2018   Q3,"9,600",0.34,Buy,0.34,$214.06,9/30/2018
Bruce Berkowitz,Fairholme Capital,BRK-B,2016   Q1,0,0,Sell 100.00%,0.73,,3/30/2016
Bruce Berkowitz,Fairholme Capital,BRK-B,2015   Q4,"135,242",0.73,Reduce 6.01%,0.05,$132.04,12/30/2015
Bruce Berkowitz,Fairholme Capital,BRK-B,2015   Q3,"143,892",0.54,Buy,0.54,$130.40,9/30/2015
Bruce Berkowitz,Fairholme Capital,BRK-B,2012   Q1,0,0,Sell 100.00%,3.99,,3/30/2012
Bruce Berkowitz,Fairholme Capital,BRK-B,2011   Q4,"3,438,350",3.99,Reduce 40.70%,2.74,$78.76,12/30/2011
Bruce Berkowitz,Fairholme Capital,BRK-B,2011   Q3,"5,797,950",4.31,Reduce 31.85%,2.01,$73.00,9/30/2011
Bruce Berkowitz,Fairholme Capital,BRK-B,2011   Q2,"8,507,450",4.65,Add 42.66%,1.39,$79.07,6/30/2011
Bruce Berkowitz,Fairholme Capital,BRK-B,2011   Q1,"5,963,650",3.8,Add 33.19%,0.95,$87.28,3/30/2011
Bruce Berkowitz,Fairholme Capital,BRK-B,2010   Q4,"4,477,650",2.88,Add 17.02%,0.42,$79.68,12/30/2010
Bruce Berkowitz,Fairholme Capital,BRK-B,2010   Q3,"3,826,350",3.3,,,$78.78,9/30/2010
Bruce Berkowitz,Fairholme Capital,BRK-B,2010   Q2,"3,826,350",2.73,Reduce 5.37%,0.15,$70.55,6/30/2010
Bruce Berkowitz,Fairholme Capital,BRK-B,2010   Q1,"4,043,550",3.89,Reduce 59.78%,5.78,$80.13,3/30/2010
Bruce Berkowitz,Fairholme Capital,BRK-B,2009   Q4,"10,052,650",8.71,Add 62.82%,3.36,$67.06,12/30/2009
Bruce Berkowitz,Fairholme Capital,BRK-B,2009   Q3,"6,174,150",5.61,Buy,5.61,$65.72,9/30/2009
Bruce Berkowitz,Fairholme Capital,BRK-B,2008   Q2,0,0,Sell 100.00%,0.26,,6/30/2008
Bruce Berkowitz,Fairholme Capital,BRK-B,2008   Q1,"167,000",0.26,Reduce 81.89%,1.18,$93.49,3/30/2008
Bruce Berkowitz,Fairholme Capital,BRK-B,2007   Q4,"922,000",1.74,,,$93.80,12/30/2007
Bruce Berkowitz,Fairholme Capital,BRK-B,2007   Q3,"922,000",1.67,,,$77.80,9/30/2007
Bruce Berkowitz,Fairholme Capital,BRK-B,2007   Q2,"922,000",1.6,,,$72.50,6/30/2007
Bruce Berkowitz,Fairholme Capital,BRK-B,2007   Q1,"922,000",2.02,,,$70.46,3/31/2007
Bruce Berkowitz,Fairholme Capital,BRK-B,2006   Q4,"922,000",2.32,,,$71.10,12/31/2006
Bruce Berkowitz,Fairholme Capital,INTC,2022   Q3,"585,300",1.47,Reduce 0.53%,0.01,$25.77,9/30/2022
Bruce Berkowitz,Fairholme Capital,INTC,2022   Q2,"588,400",1.82,,,$37.41,6/30/2022
Bruce Berkowitz,Fairholme Capital,INTC,2022   Q1,"588,400",1.69,Add 11.57%,0.18,$49.56,3/30/2022
Bruce Berkowitz,Fairholme Capital,INTC,2021   Q4,"527,400",1.78,Add 25.99%,0.37,$51.50,12/30/2021
Bruce Berkowitz,Fairholme Capital,INTC,2021   Q3,"418,600",1.8,Add 165.78%,1.12,$53.28,9/30/2021
Bruce Berkowitz,Fairholme Capital,INTC,2021   Q2,"157,500",0.7,Buy,0.7,$56.14,6/30/2021
Bruce Berkowitz,Fairholme Capital,C,2022   Q3,"174,100",0.71,Reduce 1.02%,0.01,$41.67,9/30/2022
Bruce Berkowitz,Fairholme Capital,C,2022   Q2,"175,900",0.67,Add 20.31%,0.11,$45.99,6/30/2022
Bruce Berkowitz,Fairholme Capital,C,2022   Q1,"146,200",0.45,Add 631.00%,0.39,$53.40,3/30/2022
Bruce Berkowitz,Fairholme Capital,C,2021   Q4,"20,000",0.08,Buy,0.08,$60.40,12/30/2021
Bruce Berkowitz,Fairholme Capital,C,2018   Q3,0,0,Sell 100.00%,2.11,,9/30/2018
Bruce Berkowitz,Fairholme Capital,C,2018   Q2,"235,000",2.11,Buy,2.11,$66.92,6/30/2018
Bruce Berkowitz,Fairholme Capital,C,2015   Q4,0,0,Sell 100.00%,4.3,,12/30/2015
Bruce Berkowitz,Fairholme Capital,C,2015   Q3,"3,010,000",4.3,Buy,4.3,$49.61,9/30/2015
Bruce Berkowitz,Fairholme Capital,C,2012   Q1,0,0,Sell 100.00%,2.1,,3/30/2012
Bruce Berkowitz,Fairholme Capital,C,2011   Q4,"5,180,480",2.1,Reduce 75.08%,6.33,$27.48,12/30/2011
Bruce Berkowitz,Fairholme Capital,C,2011   Q3,"20,786,560",6.57,Reduce 1.96%,0.13,$31.05,9/30/2011
Bruce Berkowitz,Fairholme Capital,C,2011   Q2,"21,202,860",6.03,Add 0.87%,0.05,$41.15,6/30/2011
Bruce Berkowitz,Fairholme Capital,C,2011   Q1,"21,019,860",7.19,Add 4.37%,0.3,$46.80,3/30/2011
Bruce Berkowitz,Fairholme Capital,C,2010   Q4,"20,139,610",6.84,Reduce 0.74%,0.05,$42.00,12/30/2010
Bruce Berkowitz,Fairholme Capital,C,2010   Q3,"20,289,610",8.26,Add 0.50%,0.04,$37.20,9/30/2010
Bruce Berkowitz,Fairholme Capital,C,2010   Q2,"20,189,610",8.07,Add 4.21%,0.33,$39.60,6/30/2010
Bruce Berkowitz,Fairholme Capital,C,2010   Q1,"19,373,120",7.9,Add 78.90%,3.48,$34.00,3/30/2010
Bruce Berkowitz,Fairholme Capital,C,2009   Q4,"10,829,000",5.75,Buy,5.75,$41.10,12/30/2009
Bruce Berkowitz,Fairholme Capital,ORI,2022   Q3,"316,100",0.64,,,$20.93,9/30/2022
Bruce Berkowitz,Fairholme Capital,ORI,2022   Q2,"316,100",0.58,Reduce 14.82%,0.1,$22.36,6/30/2022
Bruce Berkowitz,Fairholme Capital,ORI,2022   Q1,"371,100",0.56,Reduce 1.33%,0.01,$25.87,3/30/2022
Bruce Berkowitz,Fairholme Capital,ORI,2021   Q4,"376,100",0.6,Add 13.59%,0.07,$24.58,12/30/2021
Bruce Berkowitz,Fairholme Capital,ORI,2021   Q3,"331,100",0.62,Add 37.33%,0.17,$23.13,9/30/2021
Bruce Berkowitz,Fairholme Capital,ORI,2021   Q2,"241,100",0.47,,,$24.91,6/30/2021
Bruce Berkowitz,Fairholme Capital,ORI,2021   Q1,"241,100",0.43,Reduce 36.40%,0.25,$21.84,3/30/2021
Bruce Berkowitz,Fairholme Capital,ORI,2020   Q4,"379,100",0.6,Buy,0.6,$19.71,12/30/2020
Bruce Berkowitz,Fairholme Capital,KMI,2022   Q3,"355,200",0.57,Reduce 54.84%,0.69,$16.64,9/30/2022
Bruce Berkowitz,Fairholme Capital,KMI,2022   Q2,"786,600",1.09,Reduce 1.44%,0.02,$16.76,6/30/2022
Bruce Berkowitz,Fairholme Capital,KMI,2022   Q1,"798,100",0.88,Reduce 24.03%,0.28,$18.91,3/30/2022
Bruce Berkowitz,Fairholme Capital,KMI,2021   Q4,"1,050,600",1.09,Add 12.38%,0.12,$15.86,12/30/2021
Bruce Berkowitz,Fairholme Capital,KMI,2021   Q3,"934,900",1.26,Add 40.12%,0.36,$16.73,9/30/2021
Bruce Berkowitz,Fairholme Capital,KMI,2021   Q2,"667,200",0.96,,,$18.23,6/30/2021
Bruce Berkowitz,Fairholme Capital,KMI,2021   Q1,"667,200",0.92,Add 5.57%,0.05,$16.65,3/30/2021
Bruce Berkowitz,Fairholme Capital,KMI,2020   Q4,"632,000",0.7,Add 221.46%,0.48,$13.67,12/30/2020
Bruce Berkowitz,Fairholme Capital,KMI,2020   Q3,"196,600",0.37,Buy,0.37,$12.33,9/30/2020
Bruce Berkowitz,Fairholme Capital,ET,2022   Q3,"268,700",0.29,,,$11.03,9/30/2022
Bruce Berkowitz,Fairholme Capital,ET,2022   Q2,"268,700",0.22,Reduce 68.17%,0.47,$9.98,6/30/2022
Bruce Berkowitz,Fairholme Capital,ET,2022   Q1,"844,200",0.55,Reduce 44.01%,0.43,$11.19,3/30/2022
Bruce Berkowitz,Fairholme Capital,ET,2021   Q4,"1,507,700",0.81,Add 1.24%,0.01,$8.23,12/30/2021
Bruce Berkowitz,Fairholme Capital,ET,2021   Q3,"1,489,200",1.15,Add 44.69%,0.36,$9.58,9/30/2021
Bruce Berkowitz,Fairholme Capital,ET,2021   Q2,"1,029,200",0.86,,,$10.63,6/30/2021
Bruce Berkowitz,Fairholme Capital,ET,2021   Q1,"1,029,200",0.65,Add 31.39%,0.16,$7.68,3/30/2021
Bruce Berkowitz,Fairholme Capital,ET,2020   Q4,"783,300",0.39,Add 203.25%,0.26,$6.18,12/30/2020
Bruce Berkowitz,Fairholme Capital,ET,2020   Q3,"258,300",0.21,Buy,0.21,$5.42,9/30/2020
Bruce Berkowitz,Fairholme Capital,WBA,2022   Q3,"74,000",0.23,Add 7.25%,0.02,$31.41,9/30/2022
Bruce Berkowitz,Fairholme Capital,WBA,2022   Q2,"69,000",0.22,,,$37.90,6/30/2022
Bruce Berkowitz,Fairholme Capital,WBA,2022   Q1,"69,000",0.18,Add 187.50%,0.12,$44.77,3/30/2022
Bruce Berkowitz,Fairholme Capital,WBA,2021   Q4,"24,000",0.08,Buy,0.08,$52.17,12/30/2021
Bruce Berkowitz,Fairholme Capital,BABA,2022   Q3,"15,500",0.12,Reduce 4.85%,0.01,$80.00,9/30/2022
Bruce Berkowitz,Fairholme Capital,BABA,2022   Q2,"16,290",0.15,Add 98.90%,0.07,$113.69,6/30/2022
Bruce Berkowitz,Fairholme Capital,BABA,2022   Q1,"8,190",0.05,,,$108.79,3/30/2022
Bruce Berkowitz,Fairholme Capital,BABA,2021   Q4,"8,190",0.06,Reduce 22.59%,0.02,$118.80,12/30/2021
Bruce Berkowitz,Fairholme Capital,BABA,2021   Q3,"10,580",0.13,,,$148.02,9/30/2021
Bruce Berkowitz,Fairholme Capital,BABA,2021   Q2,"10,580",0.19,Buy,0.19,$226.75,6/30/2021
Bruce Berkowitz,Fairholme Capital,AAPL,2022   Q3,"4,260",0.06,,,$138.26,9/30/2022
Bruce Berkowitz,Fairholme Capital,AAPL,2022   Q2,"4,260",0.05,,,$136.62,6/30/2022
Bruce Berkowitz,Fairholme Capital,AAPL,2022   Q1,"4,260",0.04,Reduce 69.70%,0.09,$174.65,3/30/2022
Bruce Berkowitz,Fairholme Capital,AAPL,2021   Q4,"14,060",0.16,,,$177.60,12/30/2021
Bruce Berkowitz,Fairholme Capital,AAPL,2021   Q3,"14,060",0.16,,,$141.47,9/30/2021
Bruce Berkowitz,Fairholme Capital,AAPL,2021   Q2,"14,060",0.15,Add 230.05%,0.1,$136.98,6/30/2021
Bruce Berkowitz,Fairholme Capital,AAPL,2021   Q1,"4,260",0.04,,,$122.07,3/30/2021
Bruce Berkowitz,Fairholme Capital,AAPL,2020   Q4,"4,260",0.05,,,$132.63,12/30/2020
Bruce Berkowitz,Fairholme Capital,AAPL,2020   Q3,"4,260",0.08,Buy,0.08,$115.73,9/30/2020
Bruce Berkowitz,Fairholme Capital,BRK-A,2022   Q3,1,0.04,,,"$406,000.00",9/30/2022
Bruce Berkowitz,Fairholme Capital,BRK-A,2022   Q2,1,0.03,,,"$409,000.00",6/30/2022
Bruce Berkowitz,Fairholme Capital,BRK-A,2022   Q1,1,0.03,,,"$529,000.00",3/30/2022
Bruce Berkowitz,Fairholme Capital,BRK-A,2021   Q4,1,0.03,,,"$451,000.00",12/30/2021
Bruce Berkowitz,Fairholme Capital,BRK-A,2021   Q3,1,0.03,,,"$411,000.00",9/30/2021
Bruce Berkowitz,Fairholme Capital,BRK-A,2021   Q2,1,0.03,,,"$419,000.00",6/30/2021
Bruce Berkowitz,Fairholme Capital,BRK-A,2021   Q1,1,0.03,,,"$386,000.00",3/30/2021
Bruce Berkowitz,Fairholme Capital,BRK-A,2020   Q4,1,0.03,,,"$348,000.00",12/30/2020
Bruce Berkowitz,Fairholme Capital,BRK-A,2020   Q3,1,0.05,,,"$320,000.00",9/30/2020
Bruce Berkowitz,Fairholme Capital,BRK-A,2020   Q2,1,0.04,Buy,0.04,"$267,000.00",6/30/2020
Bruce Berkowitz,Fairholme Capital,BRK-A,2016   Q1,0,0,Sell 100.00%,0.02,,3/30/2016
Bruce Berkowitz,Fairholme Capital,BRK-A,2015   Q4,3,0.02,,,"$197,666.67",12/30/2015
Bruce Berkowitz,Fairholme Capital,BRK-A,2015   Q3,3,0.02,Buy,0.02,"$195,333.33",9/30/2015
Bruce Berkowitz,Fairholme Capital,BRK-A,2012   Q2,0,0,Sell 100.00%,4.17,,6/30/2012
Bruce Berkowitz,Fairholme Capital,BRK-A,2012   Q1,"2,532",4.17,Reduce 36.95%,2.44,"$117,934.04",3/30/2012
Bruce Berkowitz,Fairholme Capital,BRK-A,2011   Q4,"4,016",7.01,,,"$118,500.00",12/30/2011
Bruce Berkowitz,Fairholme Capital,BRK-A,2011   Q3,"4,016",4.49,,,"$109,768.92",9/30/2011
Bruce Berkowitz,Fairholme Capital,BRK-A,2011   Q2,"4,016",3.3,,,"$118,774.90",6/30/2011
Bruce Berkowitz,Fairholme Capital,BRK-A,2011   Q1,"4,016",3.85,,,"$131,300.05",3/30/2011
Bruce Berkowitz,Fairholme Capital,BRK-A,2010   Q4,"4,016",3.9,Reduce 1.06%,0.04,"$120,199.95",12/30/2010
Bruce Berkowitz,Fairholme Capital,BRK-A,2010   Q3,"4,059",5.27,Add 2.53%,0.13,"$118,675.04",9/30/2010
Bruce Berkowitz,Fairholme Capital,BRK-A,2010   Q2,"3,959",4.23,Add 7.35%,0.29,"$105,910.08",6/30/2010
Bruce Berkowitz,Fairholme Capital,BRK-A,2010   Q1,"3,688",5.3,Reduce 5.75%,0.32,"$119,799.89",3/30/2010
Bruce Berkowitz,Fairholme Capital,BRK-A,2009   Q4,"3,913",5.08,Add 130.31%,2.87,"$100,600.05",12/30/2009
Bruce Berkowitz,Fairholme Capital,BRK-A,2009   Q3,"1,699",2.37,Buy,2.37,"$100,849.91",9/30/2009
Bruce Berkowitz,Fairholme Capital,BRK-A,2008   Q4,0,0,Sell 100.00%,6.44,,12/30/2008
Bruce Berkowitz,Fairholme Capital,BRK-A,2008   Q3,"4,102",6.44,Reduce 43.47%,4.95,"$116,599.95",9/30/2008
Bruce Berkowitz,Fairholme Capital,BRK-A,2008   Q2,"7,256",13.05,Reduce 13.64%,2.06,"$134,649.94",6/30/2008
Bruce Berkowitz,Fairholme Capital,BRK-A,2008   Q1,"8,402",19.95,Reduce 1.29%,0.26,"$140,000.00",3/30/2008
Bruce Berkowitz,Fairholme Capital,BRK-A,2007   Q4,"8,512",23.99,Reduce 0.12%,0.03,"$140,099.98",12/30/2007
Bruce Berkowitz,Fairholme Capital,BRK-A,2007   Q3,"8,522",23.53,Add 4.67%,1.05,"$118,390.05",9/30/2007
Bruce Berkowitz,Fairholme Capital,BRK-A,2007   Q2,"8,142",21.4,Add 19.56%,3.5,"$109,490.05",6/30/2007
Bruce Berkowitz,Fairholme Capital,BRK-A,2007   Q1,"6,810",22.46,Add 31.04%,5.32,"$106,190.01",3/31/2007
Bruce Berkowitz,Fairholme Capital,BRK-A,2006   Q4,"5,197",19.7,,,"$107,100.06",12/31/2006
Norbert Lou,Punch Card Management,BRK-A,2022   Q3,349,47.17,,,"$406,469.91",9/30/2022
Norbert Lou,Punch Card Management,BRK-A,2022   Q2,349,44.22,,,"$408,951.29",6/30/2022
Norbert Lou,Punch Card Management,BRK-A,2022   Q1,349,47.32,,,"$528,919.77",3/30/2022
Norbert Lou,Punch Card Management,BRK-A,2021   Q4,349,40.27,,,"$450,661.89",12/30/2021
Norbert Lou,Punch Card Management,BRK-A,2021   Q3,349,37.23,,,"$411,378.22",9/30/2021
Norbert Lou,Punch Card Management,BRK-A,2021   Q2,349,38.49,,,"$418,601.72",6/30/2021
Norbert Lou,Punch Card Management,BRK-A,2021   Q1,349,37.2,,,"$385,702.01",3/30/2021
Norbert Lou,Punch Card Management,BRK-A,2020   Q4,349,40.46,,,"$347,813.75",12/30/2020
Norbert Lou,Punch Card Management,BRK-A,2020   Q3,349,45.21,,,"$320,000.00",9/30/2020
Norbert Lou,Punch Card Management,BRK-A,2020   Q2,349,41.15,Reduce 4.90%,2.12,"$267,300.86",6/30/2020
Norbert Lou,Punch Card Management,BRK-A,2020   Q1,367,50.31,Reduce 1.61%,0.82,"$272,000.00",3/30/2020
Norbert Lou,Punch Card Management,BRK-A,2019   Q4,373,52.7,,,"$339,589.81",12/30/2019
Norbert Lou,Punch Card Management,BRK-A,2019   Q3,373,57.53,,,"$311,831.10",9/30/2019
Norbert Lou,Punch Card Management,BRK-A,2019   Q2,373,56.64,,,"$318,351.21",6/30/2019
Norbert Lou,Punch Card Management,ALLY,2022   Q3,"3,489,438",32.29,,,$27.83,9/30/2022
Norbert Lou,Punch Card Management,ALLY,2022   Q2,"3,489,438",36.23,Add 6.05%,2.07,$33.51,6/30/2022
Norbert Lou,Punch Card Management,ALLY,2022   Q1,"3,290,300",36.68,,,$43.48,3/30/2022
Norbert Lou,Punch Card Management,ALLY,2021   Q4,"3,290,300",40.11,,,$47.61,12/30/2021
Norbert Lou,Punch Card Management,ALLY,2021   Q3,"3,290,300",43.55,,,$51.05,9/30/2021
Norbert Lou,Punch Card Management,ALLY,2021   Q2,"3,290,300",43.2,,,$49.84,6/30/2021
Norbert Lou,Punch Card Management,ALLY,2021   Q1,"3,290,300",41.11,,,$45.21,3/30/2021
Norbert Lou,Punch Card Management,ALLY,2020   Q4,"3,290,300",39.11,,,$35.66,12/30/2020
Norbert Lou,Punch Card Management,ALLY,2020   Q3,"3,290,300",33.39,,,$25.07,9/30/2020
Norbert Lou,Punch Card Management,ALLY,2020   Q2,"3,290,300",28.78,Add 84.48%,13.18,$19.83,6/30/2020
Norbert Lou,Punch Card Management,ALLY,2020   Q1,"1,783,553",12.97,Buy,12.97,$14.43,3/30/2020
Norbert Lou,Punch Card Management,WGO,2022   Q3,"996,573",17.63,Reduce 13.89%,2.84,$53.21,9/30/2022
Norbert Lou,Punch Card Management,WGO,2022   Q2,"1,157,274",17.41,Add 0.16%,0.03,$48.56,6/30/2022
Norbert Lou,Punch Card Management,WGO,2022   Q1,"1,155,374",16,Add 12.94%,1.83,$54.03,3/30/2022
Norbert Lou,Punch Card Management,WGO,2021   Q4,"1,022,953",19.62,,,$74.92,12/30/2021
Norbert Lou,Punch Card Management,WGO,2021   Q3,"1,022,953",19.22,,,$72.45,9/30/2021
Norbert Lou,Punch Card Management,WGO,2021   Q2,"1,022,953",18.31,,,$67.96,6/30/2021
Norbert Lou,Punch Card Management,WGO,2021   Q1,"1,022,953",21.69,,,$76.71,3/30/2021
Norbert Lou,Punch Card Management,WGO,2020   Q4,"1,022,953",20.44,,,$59.94,12/30/2020
Norbert Lou,Punch Card Management,WGO,2020   Q3,"1,022,953",21.4,,,$51.67,9/30/2020
Norbert Lou,Punch Card Management,WGO,2020   Q2,"1,022,953",30.06,Reduce 57.12%,40.05,$66.62,6/30/2020
Norbert Lou,Punch Card Management,WGO,2020   Q1,"2,385,740",33.44,Add 71.44%,13.94,$27.81,3/30/2020
Norbert Lou,Punch Card Management,WGO,2019   Q4,"1,391,550",30.67,,,$52.98,12/30/2019
Norbert Lou,Punch Card Management,WGO,2019   Q3,"1,391,550",26.4,,,$38.35,9/30/2019
Norbert Lou,Punch Card Management,WGO,2019   Q2,"1,391,550",25.65,,,$38.65,6/30/2019
Norbert Lou,Punch Card Management,SWBI,2022   Q3,"840,038",2.9,Add 60.31%,1.09,$10.37,9/30/2022
Norbert Lou,Punch Card Management,SWBI,2022   Q2,"524,000",2.13,Buy,2.13,$13.13,6/30/2022
Li Lu,Himalaya Capital Management,MU,2022   Q3,"11,476,523",32.98,,,$50.10,9/30/2022
Li Lu,Himalaya Capital Management,MU,2022   Q2,"11,476,523",33.86,,,$55.28,6/30/2022
Li Lu,Himalaya Capital Management,MU,2022   Q1,"11,476,523",37.57,,,$77.89,3/30/2022
Li Lu,Himalaya Capital Management,MU,2021   Q4,"11,476,523",40.12,,,$93.15,12/30/2021
Li Lu,Himalaya Capital Management,MU,2021   Q3,"11,476,523",37.92,,,$70.98,9/30/2021
Li Lu,Himalaya Capital Management,MU,2021   Q2,"11,476,523",47.59,,,$84.98,6/30/2021
Li Lu,Himalaya Capital Management,MU,2021   Q1,"11,476,523",51.17,,,$88.21,3/30/2021
Li Lu,Himalaya Capital Management,MU,2020   Q4,"11,476,523",47.52,,,$75.18,12/30/2020
Li Lu,Himalaya Capital Management,MU,2020   Q3,"11,476,523",41.09,Add 15.81%,5.61,$46.96,9/30/2020
Li Lu,Himalaya Capital Management,MU,2020   Q2,"9,909,423",47.99,,,$51.52,6/30/2020
Li Lu,Himalaya Capital Management,MU,2020   Q1,"9,909,423",58.44,Add 26.81%,12.36,$42.06,3/30/2020
Li Lu,Himalaya Capital Management,MU,2019   Q4,"7,814,423",100,,,$53.78,12/30/2019
Li Lu,Himalaya Capital Management,BAC,2022   Q3,"14,586,987",25.27,,,$30.20,9/30/2022
Li Lu,Himalaya Capital Management,BAC,2022   Q2,"14,586,987",24.24,,,$31.13,6/30/2022
Li Lu,Himalaya Capital Management,BAC,2022   Q1,"14,586,987",25.27,,,$41.22,3/30/2022
Li Lu,Himalaya Capital Management,BAC,2021   Q4,"14,586,987",24.36,Add 18.03%,3.72,$44.49,12/30/2021
Li Lu,Himalaya Capital Management,BAC,2021   Q3,"12,358,987",24.42,,,$42.45,9/30/2021
Li Lu,Himalaya Capital Management,BAC,2021   Q2,"12,358,987",24.86,,,$41.23,6/30/2021
Li Lu,Himalaya Capital Management,BAC,2021   Q1,"12,358,987",24.17,,,$38.69,3/30/2021
Li Lu,Himalaya Capital Management,BAC,2020   Q4,"12,358,987",20.63,,,$30.31,12/30/2020
Li Lu,Himalaya Capital Management,BAC,2020   Q3,"12,358,987",22.7,,,$24.09,9/30/2020
Li Lu,Himalaya Capital Management,BAC,2020   Q2,"12,358,987",27.59,,,$23.75,6/30/2020
Li Lu,Himalaya Capital Management,BAC,2020   Q1,"12,358,987",36.79,Buy,36.79,$21.23,3/30/2020
Li Lu,Himalaya Capital Management,GOOG,2022   Q3,"3,044,000",16.79,,,$96.15,9/30/2022
Li Lu,Himalaya Capital Management,GOOG,2022   Q2,"3,044,000",17.77,Add 77.18%,7.74,$109.37,6/30/2022
Li Lu,Himalaya Capital Management,GOOG,2022   Q1,"1,718,000",10.08,,,$139.65,3/30/2022
Li Lu,Himalaya Capital Management,GOOG,2021   Q4,"1,718,000",9.33,,,$144.68,12/30/2021
Li Lu,Himalaya Capital Management,GOOG,2021   Q3,"1,718,000",10.66,,,$133.27,9/30/2021
Li Lu,Himalaya Capital Management,GOOG,2021   Q2,"1,718,000",10.51,,,$125.32,6/30/2021
Li Lu,Himalaya Capital Management,GOOG,2021   Q1,"1,718,000",8.98,,,$103.43,3/30/2021
Li Lu,Himalaya Capital Management,GOOG,2020   Q4,"1,718,000",8.29,,,$87.59,12/30/2020
Li Lu,Himalaya Capital Management,GOOG,2020   Q3,"1,718,000",9.63,,,$73.48,9/30/2020
Li Lu,Himalaya Capital Management,GOOG,2020   Q2,"1,718,000",11.42,Buy,11.42,$70.68,6/30/2020
Li Lu,Himalaya Capital Management,BRK-B,2022   Q3,"897,749",13.75,,,$267.02,9/30/2022
Li Lu,Himalaya Capital Management,BRK-B,2022   Q2,"897,749",13.08,,,$273.02,6/30/2022
Li Lu,Himalaya Capital Management,BRK-B,2022   Q1,"897,749",13.32,,,$352.91,3/30/2022
Li Lu,Himalaya Capital Management,BRK-B,2021   Q4,"897,749",10.07,,,$299.00,12/30/2021
Li Lu,Himalaya Capital Management,BRK-B,2021   Q3,"897,749",11.41,Buy,11.41,$272.94,9/30/2021
Li Lu,Himalaya Capital Management,AAPL,2022   Q3,"759,600",6.02,,,$138.20,9/30/2022
Li Lu,Himalaya Capital Management,AAPL,2022   Q2,"759,600",5.54,,,$136.72,6/30/2022
Li Lu,Himalaya Capital Management,AAPL,2022   Q1,"759,600",5.57,,,$174.61,3/30/2022
Li Lu,Himalaya Capital Management,AAPL,2021   Q4,"759,600",5.06,,,$177.57,12/30/2021
Li Lu,Himalaya Capital Management,AAPL,2021   Q3,"759,600",5,,,$141.50,9/30/2021
Li Lu,Himalaya Capital Management,AAPL,2021   Q2,"759,600",5.08,,,$136.96,6/30/2021
Li Lu,Himalaya Capital Management,AAPL,2021   Q1,"759,600",4.69,,,$122.15,3/30/2021
Li Lu,Himalaya Capital Management,AAPL,2020   Q4,"759,600",5.55,Buy,5.55,$132.69,12/30/2020
Li Lu,Himalaya Capital Management,GOOGL,2022   Q3,"948,000",5.2,,,$95.65,9/30/2022
Li Lu,Himalaya Capital Management,GOOGL,2022   Q2,"948,000",5.51,Buy,5.51,$108.96,6/30/2022
Terry Smith,Fundsmith,MSFT,2022   Q3,"9,284,614",10.26,Reduce 7.34%,0.81,$232.90,9/30/2022
Terry Smith,Fundsmith,MSFT,2022   Q2,"10,020,534",10.97,Add 0.02%,0,$256.83,6/30/2022
Terry Smith,Fundsmith,MSFT,2022   Q1,"10,018,432",10.61,Reduce 22.95%,3.16,$308.31,3/30/2022
Terry Smith,Fundsmith,MSFT,2021   Q4,"13,002,366",10.67,Add 8.04%,0.79,$336.32,12/30/2021
Terry Smith,Fundsmith,MSFT,2021   Q3,"12,034,366",9.38,Reduce 0.01%,0,$281.92,9/30/2021
Terry Smith,Fundsmith,MSFT,2021   Q2,"12,035,021",9.03,Reduce 0.12%,0.01,$270.90,6/30/2021
Terry Smith,Fundsmith,MSFT,2021   Q1,"12,049,293",9.04,Reduce 0.19%,0.02,$235.77,3/30/2021
Terry Smith,Fundsmith,MSFT,2020   Q4,"12,072,338",8.9,Add 1.20%,0.11,$222.42,12/30/2020
Terry Smith,Fundsmith,MSFT,2020   Q3,"11,929,459",9.8,Reduce 0.21%,0.02,$210.33,9/30/2020
Terry Smith,Fundsmith,MSFT,2020   Q2,"11,954,858",10.62,Reduce 0.15%,0.02,$203.51,6/30/2020
Terry Smith,Fundsmith,MSFT,2020   Q1,"11,972,921",10.63,Reduce 1.79%,0.19,$157.71,3/30/2020
Terry Smith,Fundsmith,MSFT,2019   Q4,"12,190,529",9.08,Add 0.01%,0,$157.70,12/30/2019
Terry Smith,Fundsmith,MSFT,2019   Q3,"12,189,646",8.66,Add 0.15%,0.01,$139.03,9/30/2019
Terry Smith,Fundsmith,MSFT,2019   Q2,"12,171,134",8.5,Add 0.25%,0.02,$133.96,6/30/2019
Terry Smith,Fundsmith,MSFT,2019   Q1,"12,140,368",8.14,Add 0.94%,0.08,$117.94,3/30/2019
Terry Smith,Fundsmith,MSFT,2018   Q4,"12,026,986",8.73,Reduce 0.39%,0.03,$114.37,12/30/2018
Terry Smith,Fundsmith,MSFT,2018   Q3,"12,074,060",9.26,Reduce 0.05%,0,$114.37,9/30/2018
Terry Smith,Fundsmith,MSFT,2018   Q2,"12,080,320",8.87,,,$98.61,6/30/2018
Terry Smith,Fundsmith,PM,2022   Q3,"16,489,067",6.5,Add 0.06%,0,$83.01,9/30/2022
Terry Smith,Fundsmith,PM,2022   Q2,"16,478,425",6.94,Add 0.13%,0.01,$98.74,6/30/2022
Terry Smith,Fundsmith,PM,2022   Q1,"16,457,291",5.31,Reduce 19.42%,1.28,$93.94,3/30/2022
Terry Smith,Fundsmith,PM,2021   Q4,"20,423,427",4.73,Add 5.53%,0.25,$95.00,12/30/2021
Terry Smith,Fundsmith,PM,2021   Q3,"19,353,620",5.07,,,$94.79,9/30/2021
Terry Smith,Fundsmith,PM,2021   Q2,"19,353,620",5.32,Reduce 0.18%,0.01,$99.11,6/30/2021
Terry Smith,Fundsmith,PM,2021   Q1,"19,388,572",5.47,Reduce 0.41%,0.02,$88.74,3/30/2021
Terry Smith,Fundsmith,PM,2020   Q4,"19,467,941",5.34,Reduce 0.18%,0.01,$82.79,12/30/2020
Terry Smith,Fundsmith,PM,2020   Q3,"19,503,315",5.71,Add 0.66%,0.04,$74.99,9/30/2020
Terry Smith,Fundsmith,PM,2020   Q2,"19,375,855",5.92,Add 13.82%,0.72,$70.06,6/30/2020
Terry Smith,Fundsmith,PM,2020   Q1,"17,022,953",6.99,Add 0.73%,0.05,$72.96,3/30/2020
Terry Smith,Fundsmith,PM,2019   Q4,"16,899,236",6.79,Reduce 0.17%,0.01,$85.09,12/30/2019
Terry Smith,Fundsmith,PM,2019   Q3,"16,928,583",6.57,Add 10.87%,0.64,$75.93,9/30/2019
Terry Smith,Fundsmith,PM,2019   Q2,"15,268,507",6.25,Add 14.67%,0.8,$78.53,6/30/2019
Terry Smith,Fundsmith,PM,2019   Q1,"13,315,376",6.69,Add 7.30%,0.46,$88.39,3/30/2019
Terry Smith,Fundsmith,PM,2018   Q4,"12,409,367",6.42,,,$81.54,12/30/2018
Terry Smith,Fundsmith,PM,2018   Q3,"12,409,367",6.79,Add 18.46%,1.06,$81.54,9/30/2018
Terry Smith,Fundsmith,PM,2018   Q2,"10,475,148",6.29,,,$80.74,6/30/2018
Terry Smith,Fundsmith,EL,2022   Q3,"5,955,974",6.1,Add 0.08%,0,$215.90,9/30/2022
Terry Smith,Fundsmith,EL,2022   Q2,"5,951,296",6.46,Add 2.70%,0.17,$254.67,6/30/2022
Terry Smith,Fundsmith,EL,2022   Q1,"5,794,870",5.42,Reduce 19.12%,1.28,$272.32,3/30/2022
Terry Smith,Fundsmith,EL,2021   Q4,"7,165,161",6.47,Add 4.88%,0.3,$370.20,12/30/2021
Terry Smith,Fundsmith,EL,2021   Q3,"6,831,752",5.66,Add 0.02%,0,$299.93,9/30/2021
Terry Smith,Fundsmith,EL,2021   Q2,"6,830,510",6.02,Add 0.34%,0.02,$318.08,6/30/2021
Terry Smith,Fundsmith,EL,2021   Q1,"6,807,070",6.3,Add 0.30%,0.02,$290.85,3/30/2021
Terry Smith,Fundsmith,EL,2020   Q4,"6,786,727",5.99,Reduce 0.20%,0.01,$266.19,12/30/2020
Terry Smith,Fundsmith,EL,2020   Q3,"6,800,333",5.8,Add 0.62%,0.04,$218.25,9/30/2020
Terry Smith,Fundsmith,EL,2020   Q2,"6,758,574",5.56,Add 0.30%,0.02,$188.68,6/30/2020
Terry Smith,Fundsmith,EL,2020   Q1,"6,738,662",6.04,Reduce 1.99%,0.12,$159.34,3/30/2020
Terry Smith,Fundsmith,EL,2019   Q4,"6,875,587",6.71,Add 1.61%,0.11,$206.54,12/30/2019
Terry Smith,Fundsmith,EL,2019   Q3,"6,766,747",6.88,Add 1.59%,0.11,$198.95,9/30/2019
Terry Smith,Fundsmith,EL,2019   Q2,"6,660,785",6.36,Add 0.44%,0.03,$183.11,6/30/2019
Terry Smith,Fundsmith,EL,2019   Q1,"6,631,703",6.24,Add 5.56%,0.33,$165.55,3/30/2019
Terry Smith,Fundsmith,EL,2018   Q4,"6,282,397",5.8,Add 6.83%,0.37,$145.32,12/30/2018
Terry Smith,Fundsmith,EL,2018   Q3,"5,880,997",5.73,Add 19.62%,0.94,$145.32,9/30/2018
Terry Smith,Fundsmith,EL,2018   Q2,"4,916,559",5.22,,,$142.69,6/30/2018
Terry Smith,Fundsmith,ADP,2022   Q3,"5,571,678",5.98,Add 0.11%,0.01,$226.19,9/30/2022
Terry Smith,Fundsmith,ADP,2022   Q2,"5,565,378",4.98,Add 0.05%,0,$210.04,6/30/2022
Terry Smith,Fundsmith,ADP,2022   Q1,"5,562,848",4.35,Reduce 21.59%,1.2,$227.54,3/30/2022
Terry Smith,Fundsmith,ADP,2021   Q4,"7,094,390",4.27,Reduce 0.02%,0,$246.58,12/30/2021
Terry Smith,Fundsmith,ADP,2021   Q3,"7,096,134",3.92,Reduce 0.01%,0,$199.92,9/30/2021
Terry Smith,Fundsmith,ADP,2021   Q2,"7,096,900",3.91,Reduce 0.23%,0.01,$198.62,6/30/2021
Terry Smith,Fundsmith,ADP,2021   Q1,"7,113,605",4.26,Add 0.37%,0.02,$188.47,3/30/2021
Terry Smith,Fundsmith,ADP,2020   Q4,"7,087,617",4.14,Add 2.42%,0.1,$176.20,12/30/2020
Terry Smith,Fundsmith,ADP,2020   Q3,"6,919,915",3.77,Add 6.77%,0.24,$139.49,9/30/2020
Terry Smith,Fundsmith,ADP,2020   Q2,"6,481,152",4.21,Add 3.29%,0.13,$148.89,6/30/2020
Terry Smith,Fundsmith,ADP,2020   Q1,"6,274,833",4.83,Reduce 2.93%,0.15,$136.68,3/30/2020
Terry Smith,Fundsmith,ADP,2019   Q4,"6,464,198",5.21,Reduce 0.25%,0.01,$170.50,12/30/2019
Terry Smith,Fundsmith,ADP,2019   Q3,"6,480,485",5.35,Add 5.72%,0.29,$161.42,9/30/2019
Terry Smith,Fundsmith,ADP,2019   Q2,"6,129,753",5.28,Add 2.26%,0.12,$165.33,6/30/2019
Terry Smith,Fundsmith,ADP,2019   Q1,"5,994,171",5.44,Add 1.12%,0.06,$159.74,3/30/2019
Terry Smith,Fundsmith,ADP,2018   Q4,"5,927,691",5.67,Add 1.98%,0.11,$150.66,12/30/2018
Terry Smith,Fundsmith,ADP,2018   Q3,"5,812,535",5.87,Add 0.45%,0.03,$150.66,9/30/2018
Terry Smith,Fundsmith,ADP,2018   Q2,"5,786,490",5.78,,,$134.14,6/30/2018
Terry Smith,Fundsmith,IDXX,2022   Q3,"3,620,777",5.6,Add 0.05%,0,$325.80,9/30/2022
Terry Smith,Fundsmith,IDXX,2022   Q2,"3,618,875",5.41,Add 0.02%,0,$350.73,6/30/2022
Terry Smith,Fundsmith,IDXX,2022   Q1,"3,618,062",6.8,Reduce 14.71%,1.17,$547.06,3/30/2022
Terry Smith,Fundsmith,IDXX,2021   Q4,"4,242,283",6.82,Add 0.00%,0,$658.46,12/30/2021
Terry Smith,Fundsmith,IDXX,2021   Q3,"4,242,202",7.29,Reduce 0.01%,0,$621.90,9/30/2021
Terry Smith,Fundsmith,IDXX,2021   Q2,"4,242,462",7.42,Add 0.52%,0.04,$631.55,6/30/2021
Terry Smith,Fundsmith,IDXX,2021   Q1,"4,220,612",6.57,Reduce 0.14%,0.01,$489.31,3/30/2021
Terry Smith,Fundsmith,IDXX,2020   Q4,"4,226,428",7,Reduce 0.15%,0.01,$499.87,12/30/2020
Terry Smith,Fundsmith,IDXX,2020   Q3,"4,232,815",6.5,Reduce 0.19%,0.01,$393.11,9/30/2020
Terry Smith,Fundsmith,IDXX,2020   Q2,"4,240,711",6.11,Reduce 0.11%,0.01,$330.16,6/30/2020
Terry Smith,Fundsmith,IDXX,2020   Q1,"4,245,227",5.79,Reduce 7.55%,0.47,$242.24,3/30/2020
Terry Smith,Fundsmith,IDXX,2019   Q4,"4,591,899",5.67,Add 0.79%,0.04,$261.13,12/30/2019
Terry Smith,Fundsmith,IDXX,2019   Q3,"4,556,016",6.33,Add 1.92%,0.12,$271.93,9/30/2019
Terry Smith,Fundsmith,IDXX,2019   Q2,"4,470,038",6.41,Add 0.06%,0,$275.33,6/30/2019
Terry Smith,Fundsmith,IDXX,2019   Q1,"4,467,341",5.68,Add 0.79%,0.04,$223.60,3/30/2019
Terry Smith,Fundsmith,IDXX,2018   Q4,"4,432,292",7.03,Add 0.13%,0.01,$249.66,12/30/2018
Terry Smith,Fundsmith,IDXX,2018   Q3,"4,426,643",7.41,Reduce 0.06%,0,$249.66,9/30/2018
Terry Smith,Fundsmith,IDXX,2018   Q2,"4,429,104",7.18,,,$217.94,6/30/2018
Terry Smith,Fundsmith,PEP,2022   Q3,"7,144,313",5.54,Add 0.10%,0.01,$163.26,9/30/2022
Terry Smith,Fundsmith,PEP,2022   Q2,"7,137,026",5.07,Reduce 8.59%,0.48,$166.66,6/30/2022
Terry Smith,Fundsmith,PEP,2022   Q1,"7,807,921",4.49,Reduce 25.06%,1.5,$167.38,3/30/2022
Terry Smith,Fundsmith,PEP,2021   Q4,"10,418,202",4.42,Add 3.23%,0.14,$173.71,12/30/2021
Terry Smith,Fundsmith,PEP,2021   Q3,"10,092,652",4.2,Add 0.05%,0,$150.41,9/30/2021
Terry Smith,Fundsmith,PEP,2021   Q2,"10,087,220",4.14,Add 0.54%,0.02,$148.17,6/30/2021
Terry Smith,Fundsmith,PEP,2021   Q1,"10,033,062",4.51,Add 3.98%,0.17,$141.45,3/30/2021
Terry Smith,Fundsmith,PEP,2020   Q4,"9,648,806",4.74,Add 8.28%,0.36,$148.30,12/30/2020
Terry Smith,Fundsmith,PEP,2020   Q3,"8,911,181",4.82,Add 1.41%,0.07,$138.60,9/30/2020
Terry Smith,Fundsmith,PEP,2020   Q2,"8,787,703",5.07,Add 9.91%,0.46,$132.26,6/30/2020
Terry Smith,Fundsmith,PEP,2020   Q1,"7,995,065",5.4,Reduce 5.60%,0.32,$120.10,3/30/2020
Terry Smith,Fundsmith,PEP,2019   Q4,"8,469,394",5.47,Add 2.18%,0.12,$136.67,12/30/2019
Terry Smith,Fundsmith,PEP,2019   Q3,"8,289,105",5.81,Add 0.17%,0.01,$137.10,9/30/2019
Terry Smith,Fundsmith,PEP,2019   Q2,"8,275,341",5.65,Add 0.07%,0,$131.13,6/30/2019
Terry Smith,Fundsmith,PEP,2019   Q1,"8,269,554",5.76,Add 1.22%,0.07,$122.55,3/30/2019
Terry Smith,Fundsmith,PEP,2018   Q4,"8,170,141",5.8,,,$111.80,12/30/2018
Terry Smith,Fundsmith,PEP,2018   Q3,"8,170,141",6.13,Add 6.36%,0.37,$111.80,9/30/2018
Terry Smith,Fundsmith,PEP,2018   Q2,"7,681,927",6.22,,,$108.87,6/30/2018
Terry Smith,Fundsmith,SYK,2022   Q3,"5,628,569",5.41,Reduce 6.96%,0.4,$202.54,9/30/2022
Terry Smith,Fundsmith,SYK,2022   Q2,"6,049,848",5.13,Add 3.48%,0.17,$198.93,6/30/2022
Terry Smith,Fundsmith,SYK,2022   Q1,"5,846,171",5.37,Reduce 19.39%,1.29,$267.35,3/30/2022
Terry Smith,Fundsmith,SYK,2021   Q4,"7,252,688",4.73,Add 3.38%,0.15,$267.42,12/30/2021
Terry Smith,Fundsmith,SYK,2021   Q3,"7,015,492",5.12,Add 0.02%,0,$263.72,9/30/2021
Terry Smith,Fundsmith,SYK,2021   Q2,"7,014,123",5.05,Add 0.11%,0.01,$259.73,6/30/2021
Terry Smith,Fundsmith,SYK,2021   Q1,"7,006,486",5.43,Add 5.60%,0.29,$243.58,3/30/2021
Terry Smith,Fundsmith,SYK,2020   Q4,"6,634,893",5.39,Add 5.70%,0.29,$245.04,12/30/2020
Terry Smith,Fundsmith,SYK,2020   Q3,"6,277,138",5.11,Add 1.17%,0.06,$208.37,9/30/2020
Terry Smith,Fundsmith,SYK,2020   Q2,"6,204,547",4.88,Add 4.61%,0.21,$180.19,6/30/2020
Terry Smith,Fundsmith,SYK,2020   Q1,"5,931,325",5.56,Reduce 2.49%,0.14,$166.49,3/30/2020
Terry Smith,Fundsmith,SYK,2019   Q4,"6,082,992",6.03,Add 2.32%,0.14,$209.94,12/30/2019
Terry Smith,Fundsmith,SYK,2019   Q3,"5,945,105",6.57,Add 2.48%,0.16,$216.30,9/30/2019
Terry Smith,Fundsmith,SYK,2019   Q2,"5,801,440",6.21,Add 3.93%,0.24,$205.58,6/30/2019
Terry Smith,Fundsmith,SYK,2019   Q1,"5,581,841",6.27,Add 0.95%,0.06,$197.52,3/30/2019
Terry Smith,Fundsmith,SYK,2018   Q4,"5,529,153",6.24,Add 0.14%,0.01,$177.68,12/30/2018
Terry Smith,Fundsmith,SYK,2018   Q3,"5,521,353",6.58,Add 0.09%,0.01,$177.68,9/30/2018
Terry Smith,Fundsmith,SYK,2018   Q2,"5,516,662",6.93,,,$168.86,6/30/2018
Terry Smith,Fundsmith,MKC,2022   Q3,"15,506,721",5.25,Add 0.09%,0,$71.27,9/30/2022
Terry Smith,Fundsmith,MKC,2022   Q2,"15,492,883",5.5,Add 0.04%,0,$83.25,6/30/2022
Terry Smith,Fundsmith,MKC,2022   Q1,"15,486,666",5.31,Reduce 18.11%,1.17,$99.80,3/30/2022
Terry Smith,Fundsmith,MKC,2021   Q4,"18,910,918",4.46,Add 1.05%,0.05,$96.61,12/30/2021
Terry Smith,Fundsmith,MKC,2021   Q3,"18,713,629",4.19,Add 5.11%,0.2,$81.03,9/30/2021
Terry Smith,Fundsmith,MKC,2021   Q2,"17,804,657",4.36,Add 3.39%,0.14,$88.32,6/30/2021
Terry Smith,Fundsmith,MKC,2021   Q1,"17,220,169",4.88,Add 6.73%,0.31,$89.16,3/30/2021
Terry Smith,Fundsmith,MKC,2020   Q4,"16,133,793",5.11,Add 6.96%,0.33,$95.60,12/30/2020
Terry Smith,Fundsmith,MKC,2020   Q3,"15,084,190",5.72,Reduce 0.02%,0,$97.05,9/30/2020
Terry Smith,Fundsmith,MKC,2020   Q2,"15,087,156",5.91,Add 5.89%,0.33,$89.70,6/30/2020
Terry Smith,Fundsmith,MKC,2020   Q1,"14,248,410",5.66,Reduce 3.46%,0.2,$70.61,3/30/2020
Terry Smith,Fundsmith,MKC,2019   Q4,"14,759,422",5.92,Add 1.21%,0.07,$84.86,12/30/2019
Terry Smith,Fundsmith,MKC,2019   Q3,"14,583,344",5.83,Add 7.18%,0.39,$78.15,9/30/2019
Terry Smith,Fundsmith,MKC,2019   Q2,"13,606,900",5.5,Add 30.72%,1.29,$77.51,6/30/2019
Terry Smith,Fundsmith,MKC,2019   Q1,"10,409,168",4.45,Add 93.55%,2.15,$75.31,3/30/2019
Terry Smith,Fundsmith,MKC,2018   Q4,"5,377,988",2.25,Buy,2.25,$65.88,12/30/2018
Terry Smith,Fundsmith,V,2022   Q3,"5,635,390",4.75,Add 0.09%,0,$177.65,9/30/2022
Terry Smith,Fundsmith,V,2022   Q2,"5,630,342",4.73,Add 0.04%,0,$196.89,6/30/2022
Terry Smith,Fundsmith,V,2022   Q1,"5,628,028",4.29,Reduce 18.06%,0.95,$221.77,3/30/2022
Terry Smith,Fundsmith,V,2021   Q4,"6,868,694",3.63,Add 4.15%,0.14,$216.71,12/30/2021
Terry Smith,Fundsmith,V,2021   Q3,"6,595,049",4.06,Add 0.90%,0.04,$222.75,9/30/2021
Terry Smith,Fundsmith,V,2021   Q2,"6,536,340",4.24,Add 0.68%,0.03,$233.82,6/30/2021
Terry Smith,Fundsmith,V,2021   Q1,"6,492,332",4.37,Add 6.05%,0.25,$211.73,3/30/2021
Terry Smith,Fundsmith,V,2020   Q4,"6,122,231",4.44,Reduce 0.20%,0.01,$218.73,12/30/2020
Terry Smith,Fundsmith,V,2020   Q3,"6,134,726",4.79,Reduce 0.26%,0.01,$199.97,9/30/2020
Terry Smith,Fundsmith,V,2020   Q2,"6,150,855",5.18,Add 0.86%,0.04,$193.17,6/30/2020
Terry Smith,Fundsmith,V,2020   Q1,"6,098,637",5.53,Reduce 4.94%,0.29,$161.12,3/30/2020
Terry Smith,Fundsmith,V,2019   Q4,"6,415,516",5.7,Reduce 0.47%,0.03,$187.90,12/30/2019
Terry Smith,Fundsmith,V,2019   Q3,"6,445,632",5.67,Add 5.26%,0.28,$172.01,9/30/2019
Terry Smith,Fundsmith,V,2019   Q2,"6,123,530",5.54,Add 5.77%,0.3,$173.55,6/30/2019
Terry Smith,Fundsmith,V,2019   Q1,"5,789,403",5.14,Add 1.12%,0.06,$156.19,3/30/2019
Terry Smith,Fundsmith,V,2018   Q4,"5,725,371",5.46,Add 0.17%,0.01,$150.09,12/30/2018
Terry Smith,Fundsmith,V,2018   Q3,"5,715,741",5.75,Reduce 0.07%,0,$150.09,9/30/2018
Terry Smith,Fundsmith,V,2018   Q2,"5,719,877",5.64,,,$132.45,6/30/2018
Terry Smith,Fundsmith,WAT,2022   Q3,"3,693,197",4.73,Add 0.11%,0.01,$269.53,9/30/2022
Terry Smith,Fundsmith,WAT,2022   Q2,"3,689,225",5.21,Add 0.04%,0,$330.98,6/30/2022
Terry Smith,Fundsmith,WAT,2022   Q1,"3,687,572",3.93,Reduce 18.25%,0.88,$310.39,3/30/2022
Terry Smith,Fundsmith,WAT,2021   Q4,"4,510,879",4.1,Reduce 0.01%,0,$372.60,12/30/2021
Terry Smith,Fundsmith,WAT,2021   Q3,"4,511,194",4.46,Add 2.34%,0.1,$357.30,9/30/2021
Terry Smith,Fundsmith,WAT,2021   Q2,"4,408,039",4.22,Add 0.33%,0.01,$345.61,6/30/2021
Terry Smith,Fundsmith,WAT,2021   Q1,"4,393,544",3.97,Reduce 0.37%,0.01,$284.17,3/30/2021
Terry Smith,Fundsmith,WAT,2020   Q4,"4,409,835",3.62,Add 2.74%,0.1,$247.42,12/30/2020
Terry Smith,Fundsmith,WAT,2020   Q3,"4,292,028",3.28,Add 10.23%,0.3,$195.68,9/30/2020
Terry Smith,Fundsmith,WAT,2020   Q2,"3,893,805",3.07,Reduce 18.11%,0.68,$180.40,6/30/2020
Terry Smith,Fundsmith,WAT,2020   Q1,"4,755,050",4.87,Reduce 6.89%,0.36,$182.05,3/30/2020
Terry Smith,Fundsmith,WAT,2019   Q4,"5,106,666",5.64,Reduce 0.32%,0.02,$233.65,12/30/2019
Terry Smith,Fundsmith,WAT,2019   Q3,"5,122,867",5.85,Add 0.17%,0.01,$223.23,9/30/2019
Terry Smith,Fundsmith,WAT,2019   Q2,"5,114,006",5.74,Add 1.74%,0.1,$215.24,6/30/2019
Terry Smith,Fundsmith,WAT,2019   Q1,"5,026,757",7.19,Add 0.87%,0.06,$251.71,3/30/2019
Terry Smith,Fundsmith,WAT,2018   Q4,"4,983,259",6.16,Reduce 0.86%,0.05,$194.68,12/30/2018
Terry Smith,Fundsmith,WAT,2018   Q3,"5,026,559",6.56,Add 6.29%,0.39,$194.68,9/30/2018
Terry Smith,Fundsmith,WAT,2018   Q2,"4,728,994",6.81,,,$193.59,6/30/2018
Terry Smith,Fundsmith,BF.B,2022   Q3,"12,226,340",3.86,Add 0.11%,0,$66.57,9/30/2022
Terry Smith,Fundsmith,BF.B,2022   Q2,"12,213,131",3.65,Add 3.64%,0.13,$70.16,6/30/2022
Terry Smith,Fundsmith,BF.B,2022   Q1,"11,784,004",2.71,Reduce 23.74%,0.84,$67.02,3/30/2022
Terry Smith,Fundsmith,BF.B,2021   Q4,"15,453,294",2.75,Add 7.15%,0.18,$72.86,12/30/2021
Terry Smith,Fundsmith,BF.B,2021   Q3,"14,422,611",2.67,Add 14.50%,0.34,$67.01,9/30/2021
Terry Smith,Fundsmith,BF.B,2021   Q2,"12,595,990",2.62,Add 12.15%,0.28,$74.94,6/30/2021
Terry Smith,Fundsmith,BF.B,2021   Q1,"11,231,696",2.46,Add 9.52%,0.21,$68.97,3/30/2021
Terry Smith,Fundsmith,BF.B,2020   Q4,"10,255,848",2.7,Add 0.02%,0,$79.43,12/30/2020
Terry Smith,Fundsmith,BF.B,2020   Q3,"10,253,745",3.02,Add 3.94%,0.11,$75.32,9/30/2020
Terry Smith,Fundsmith,BF.B,2020   Q2,"9,864,841",2.74,Add 0.21%,0.01,$63.66,6/30/2020
Terry Smith,Fundsmith,BF.B,2020   Q1,"9,844,631",3.08,Add 2.22%,0.07,$55.51,3/30/2020
Terry Smith,Fundsmith,BF.B,2019   Q4,"9,630,607",3.08,Add 4.19%,0.12,$67.60,12/30/2019
Terry Smith,Fundsmith,BF.B,2019   Q3,"9,243,186",2.97,Buy,2.97,$62.78,9/30/2019
Terry Smith,Fundsmith,AMZN,2022   Q3,"6,784,322",3.64,Add 0.08%,0,$113.00,9/30/2022
Terry Smith,Fundsmith,AMZN,2022   Q2,"6,779,020",3.07,Add 0.02%,0,$106.21,6/30/2022
Terry Smith,Fundsmith,AMZN,2022   Q1,"6,777,960",3.79,Reduce 20.34%,0.97,$163.00,3/30/2022
Terry Smith,Fundsmith,AMZN,2021   Q4,"8,508,520",3.46,Add 15.65%,0.47,$166.72,12/30/2021
Terry Smith,Fundsmith,AMZN,2021   Q3,"7,357,220",3.34,Buy,3.34,$164.25,9/30/2021
Terry Smith,Fundsmith,META,2022   Q3,"5,480,284",3.53,Add 0.05%,0,$135.68,9/30/2022
Terry Smith,Fundsmith,META,2022   Q2,"5,477,481",3.77,Add 0.01%,0,$161.25,6/30/2022
Terry Smith,Fundsmith,META,2022   Q1,"5,476,931",4.18,Reduce 19.46%,1.01,$222.36,3/30/2022
Terry Smith,Fundsmith,META,2021   Q4,"6,800,261",5.58,Add 5.59%,0.3,$336.35,12/30/2021
Terry Smith,Fundsmith,META,2021   Q3,"6,440,136",6.04,,,$339.39,9/30/2021
Terry Smith,Fundsmith,META,2021   Q2,"6,440,136",6.21,Add 0.10%,0.01,$347.71,6/30/2021
Terry Smith,Fundsmith,META,2021   Q1,"6,433,648",6.03,Add 0.23%,0.01,$294.53,3/30/2021
Terry Smith,Fundsmith,META,2020   Q4,"6,418,874",5.81,Reduce 0.14%,0.01,$273.16,12/30/2020
Terry Smith,Fundsmith,META,2020   Q3,"6,427,563",6.58,Reduce 0.25%,0.02,$261.90,9/30/2020
Terry Smith,Fundsmith,META,2020   Q2,"6,443,510",6.38,Add 0.15%,0.01,$227.07,6/30/2020
Terry Smith,Fundsmith,META,2020   Q1,"6,433,861",6.04,Reduce 2.34%,0.14,$166.80,3/30/2020
Terry Smith,Fundsmith,META,2019   Q4,"6,588,286",6.39,Add 1.64%,0.1,$205.25,12/30/2019
Terry Smith,Fundsmith,META,2019   Q3,"6,482,183",5.9,Add 0.11%,0.01,$178.08,9/30/2019
Terry Smith,Fundsmith,META,2019   Q2,"6,475,057",6.51,Add 1.69%,0.11,$193.00,6/30/2019
Terry Smith,Fundsmith,META,2019   Q1,"6,367,698",6.03,Add 4.05%,0.23,$166.69,3/30/2019
Terry Smith,Fundsmith,META,2018   Q4,"6,119,785",6.39,Add 2.67%,0.17,$164.46,12/30/2018
Terry Smith,Fundsmith,META,2018   Q3,"5,960,662",6.57,Add 8.03%,0.49,$164.46,9/30/2018
Terry Smith,Fundsmith,META,2018   Q2,"5,517,803",7.98,,,$194.32,6/30/2018
Terry Smith,Fundsmith,GOOGL,2022   Q3,"7,632,828",3.47,Add 0.10%,0,$95.65,9/30/2022
Terry Smith,Fundsmith,GOOGL,2022   Q2,"7,625,040",3.54,Add 0.22%,0.01,$108.96,6/30/2022
Terry Smith,Fundsmith,GOOGL,2022   Q1,"7,608,640",3.63,Reduce 9.23%,0.37,$139.07,3/30/2022
Terry Smith,Fundsmith,GOOGL,2021   Q4,"8,381,920",2.96,Buy,2.96,$144.85,12/30/2021
Terry Smith,Fundsmith,INTU,2022   Q3,"1,696,667",3.12,Reduce 28.45%,1.24,$387.32,9/30/2022
Terry Smith,Fundsmith,INTU,2022   Q2,"2,371,428",3.9,Reduce 21.13%,1.05,$385.44,6/30/2022
Terry Smith,Fundsmith,INTU,2022   Q1,"3,006,900",4.97,Reduce 19.45%,1.2,$480.84,3/30/2022
Terry Smith,Fundsmith,INTU,2021   Q4,"3,732,877",5.86,Reduce 18.54%,1.33,$643.22,12/30/2021
Terry Smith,Fundsmith,INTU,2021   Q3,"4,582,539",6.84,Reduce 0.01%,0,$539.51,9/30/2021
Terry Smith,Fundsmith,INTU,2021   Q2,"4,582,899",6.23,Add 0.12%,0.01,$490.17,6/30/2021
Terry Smith,Fundsmith,INTU,2021   Q1,"4,577,260",5.58,Reduce 0.23%,0.01,$383.06,3/30/2021
Terry Smith,Fundsmith,INTU,2020   Q4,"4,587,585",5.78,Reduce 0.15%,0.01,$379.85,12/30/2020
Terry Smith,Fundsmith,INTU,2020   Q3,"4,594,541",5.85,Add 0.09%,0.01,$326.21,9/30/2020
Terry Smith,Fundsmith,INTU,2020   Q2,"4,590,217",5.93,Add 2.98%,0.17,$296.19,6/30/2020
Terry Smith,Fundsmith,INTU,2020   Q1,"4,457,596",5.77,Reduce 6.02%,0.37,$230.00,3/30/2020
Terry Smith,Fundsmith,INTU,2019   Q4,"4,743,046",5.87,Add 1.77%,0.1,$261.93,12/30/2019
Terry Smith,Fundsmith,INTU,2019   Q3,"4,660,635",6.34,Add 0.19%,0.01,$265.94,9/30/2019
Terry Smith,Fundsmith,INTU,2019   Q2,"4,651,847",6.33,Add 3.81%,0.23,$261.33,6/30/2019
Terry Smith,Fundsmith,INTU,2019   Q1,"4,481,318",6.66,Add 1.26%,0.08,$261.41,3/30/2019
Terry Smith,Fundsmith,INTU,2018   Q4,"4,425,774",6.39,Add 8.20%,0.48,$227.40,12/30/2018
Terry Smith,Fundsmith,INTU,2018   Q3,"4,090,229",6.24,Add 3.05%,0.18,$227.40,9/30/2018
Terry Smith,Fundsmith,INTU,2018   Q2,"3,969,347",6.04,,,$204.30,6/30/2018
Terry Smith,Fundsmith,MTD,2022   Q3,"561,456",2.89,Add 3.89%,0.11,"$1,084.12",9/30/2022
Terry Smith,Fundsmith,MTD,2022   Q2,"540,452",2.65,Add 30.99%,0.63,"$1,148.77",6/30/2022
Terry Smith,Fundsmith,MTD,2022   Q1,"412,603",1.95,Buy,1.95,"$1,373.19",3/30/2022
Terry Smith,Fundsmith,CHD,2022   Q3,"8,458,025",2.87,Add 0.16%,0,$71.44,9/30/2022
Terry Smith,Fundsmith,CHD,2022   Q2,"8,444,261",3.34,Add 0.07%,0,$92.66,6/30/2022
Terry Smith,Fundsmith,CHD,2022   Q1,"8,438,079",2.88,Reduce 27.62%,1.1,$99.38,3/30/2022
Terry Smith,Fundsmith,CHD,2021   Q4,"11,658,319",2.92,Add 5.77%,0.16,$102.50,12/30/2021
Terry Smith,Fundsmith,CHD,2021   Q3,"11,022,496",2.52,Add 19.50%,0.41,$82.57,9/30/2021
Terry Smith,Fundsmith,CHD,2021   Q2,"9,224,122",2.18,Add 48.22%,0.71,$85.22,6/30/2021
Terry Smith,Fundsmith,CHD,2021   Q1,"6,223,361",1.73,Add 10.52%,0.16,$87.35,3/30/2021
Terry Smith,Fundsmith,CHD,2020   Q4,"5,631,204",1.63,Buy,1.63,$87.23,12/30/2020
Terry Smith,Fundsmith,CHD,2019   Q4,0,0,Sell 100.00%,0.08,,12/30/2019
Terry Smith,Fundsmith,CHD,2019   Q3,"202,952",0.08,Buy,0.08,$75.24,9/30/2019
Terry Smith,Fundsmith,ADBE,2022   Q3,"2,111,297",2.76,Add 0.12%,0,$275.20,9/30/2022
Terry Smith,Fundsmith,ADBE,2022   Q2,"2,108,848",3.29,Add 9.65%,0.29,$366.06,6/30/2022
Terry Smith,Fundsmith,ADBE,2022   Q1,"1,923,197",3.01,Buy,3.01,$455.62,3/30/2022
Terry Smith,Fundsmith,NKE,2022   Q3,"6,734,408",2.66,Add 0.10%,0,$83.12,9/30/2022
Terry Smith,Fundsmith,NKE,2022   Q2,"6,727,737",2.93,Add 0.02%,0,$102.20,6/30/2022
Terry Smith,Fundsmith,NKE,2022   Q1,"6,726,427",3.11,Reduce 23.16%,0.94,$134.56,3/30/2022
Terry Smith,Fundsmith,NKE,2021   Q4,"8,753,982",3.56,Reduce 0.12%,0,$166.67,12/30/2021
Terry Smith,Fundsmith,NKE,2021   Q3,"8,764,739",3.52,Add 0.10%,0,$145.23,9/30/2021
Terry Smith,Fundsmith,NKE,2021   Q2,"8,755,854",3.75,Add 10.45%,0.35,$154.49,6/30/2021
Terry Smith,Fundsmith,NKE,2021   Q1,"7,927,468",3.35,Add 2.51%,0.08,$132.89,3/30/2021
Terry Smith,Fundsmith,NKE,2020   Q4,"7,733,544",3.63,Reduce 0.24%,0.01,$141.47,12/30/2020
Terry Smith,Fundsmith,NKE,2020   Q3,"7,752,398",3.8,Add 7.02%,0.25,$125.54,9/30/2020
Terry Smith,Fundsmith,NKE,2020   Q2,"7,244,034",3.1,Add 212.33%,2.11,$98.05,6/30/2020
Terry Smith,Fundsmith,NKE,2020   Q1,"2,319,351",1.08,Buy,1.08,$82.74,3/30/2020
Terry Smith,Fundsmith,PYPL,2022   Q3,"5,611,242",2.29,Reduce 41.86%,1.65,$86.07,9/30/2022
Terry Smith,Fundsmith,PYPL,2022   Q2,"9,651,818",2.87,Reduce 7.87%,0.25,$69.84,6/30/2022
Terry Smith,Fundsmith,PYPL,2022   Q1,"10,476,837",4.16,Reduce 19.53%,1.01,$115.65,3/30/2022
Terry Smith,Fundsmith,PYPL,2021   Q4,"13,019,452",5.99,Add 5.95%,0.34,$188.58,12/30/2021
Terry Smith,Fundsmith,PYPL,2021   Q3,"12,288,820",8.84,Reduce 0.01%,0,$260.21,9/30/2021
Terry Smith,Fundsmith,PYPL,2021   Q2,"12,289,470",9.93,Reduce 0.12%,0.01,$291.48,6/30/2021
Terry Smith,Fundsmith,PYPL,2021   Q1,"12,304,750",9.5,Reduce 0.24%,0.02,$242.84,3/30/2021
Terry Smith,Fundsmith,PYPL,2020   Q4,"12,333,741",9.57,Reduce 0.21%,0.02,$234.20,12/30/2020
Terry Smith,Fundsmith,PYPL,2020   Q3,"12,359,311",9.51,Reduce 0.24%,0.02,$197.03,9/30/2020
Terry Smith,Fundsmith,PYPL,2020   Q2,"12,388,814",9.42,Reduce 0.15%,0.01,$174.23,6/30/2020
Terry Smith,Fundsmith,PYPL,2020   Q1,"12,407,094",6.69,Reduce 18.30%,1.5,$95.74,3/30/2020
Terry Smith,Fundsmith,PYPL,2019   Q4,"15,185,799",7.76,Reduce 1.41%,0.11,$108.17,12/30/2019
Terry Smith,Fundsmith,PYPL,2019   Q3,"15,402,344",8.16,Add 0.07%,0.01,$103.59,9/30/2019
Terry Smith,Fundsmith,PYPL,2019   Q2,"15,391,028",9.18,Add 0.34%,0.03,$114.46,6/30/2019
Terry Smith,Fundsmith,PYPL,2019   Q1,"15,338,423",9.05,Add 0.90%,0.08,$103.84,3/30/2019
Terry Smith,Fundsmith,PYPL,2018   Q4,"15,202,210",8.48,,,$87.84,12/30/2018
Terry Smith,Fundsmith,PYPL,2018   Q3,"15,202,210",8.96,Reduce 0.05%,0,$87.84,9/30/2018
Terry Smith,Fundsmith,PYPL,2018   Q2,"15,209,740",9.43,,,$83.27,6/30/2018
Terry Smith,Fundsmith,OTIS,2022   Q3,"6,285,878",1.9,Buy,1.9,$63.80,9/30/2022